#
# There is insufficient memory for the Java Runtime Environment to continue.
# Native memory allocation (mmap) failed to map 65536 bytes. Error detail: Failed to commit metaspace.
# Possible reasons:
#   The system is out of physical RAM or swap space
#   This process is running with CompressedOops enabled, and the Java Heap may be blocking the growth of the native heap
# Possible solutions:
#   Reduce memory load on the system
#   Increase physical memory or swap space
#   Check if swap backing store is full
#   Decrease Java heap size (-Xmx/-Xms)
#   Decrease number of Java threads
#   Decrease Java thread stack sizes (-Xss)
#   Set larger code cache with -XX:ReservedCodeCacheSize=
#   JVM is running with Unscaled Compressed Oops mode in which the Java heap is
#     placed in the first 4GB address space. The Java Heap base address is the
#     maximum limit for the native heap growth. Please use -XX:HeapBaseMinAddress
#     to set the Java Heap base and to place the Java Heap above 4GB virtual address.
# This output file may be truncated or incomplete.
#
#  Out of Memory Error (virtualSpaceNode.cpp:113), pid=9624, tid=14684
#
# JRE version: OpenJDK Runtime Environment (21.0.6) (build 21.0.6+-13368085-b895.109)
# Java VM: OpenJDK 64-Bit Server VM (21.0.6+-13368085-b895.109, mixed mode, tiered, compressed oops, compressed class ptrs, g1 gc, windows-amd64)
# No core dump will be written. Minidumps are not enabled by default on client versions of Windows
#

---------------  S U M M A R Y ------------

Command Line: --add-opens=java.base/java.lang=ALL-UNNAMED --add-opens=java.base/java.lang.invoke=ALL-UNNAMED --add-opens=java.base/java.util=ALL-UNNAMED --add-opens=java.prefs/java.util.prefs=ALL-UNNAMED --add-exports=jdk.compiler/com.sun.tools.javac.api=ALL-UNNAMED --add-exports=jdk.compiler/com.sun.tools.javac.util=ALL-UNNAMED --add-opens=java.base/java.util=ALL-UNNAMED --add-opens=java.prefs/java.util.prefs=ALL-UNNAMED --add-opens=java.base/java.nio.charset=ALL-UNNAMED --add-opens=java.base/java.net=ALL-UNNAMED --add-opens=java.base/java.util.concurrent.atomic=ALL-UNNAMED --add-opens=java.xml/javax.xml.namespace=ALL-UNNAMED -Xmx2048m -Dfile.encoding=UTF-8 -Duser.country=US -Duser.language=en -Duser.variant -javaagent:C:\Users\DELL\.gradle\wrapper\dists\gradle-8.11.1-bin\bpt9gzteqjrbo1mjrsomdt32c\gradle-8.11.1\lib\agents\gradle-instrumentation-agent-8.11.1.jar org.gradle.launcher.daemon.bootstrap.GradleDaemon 8.11.1

Host: Intel(R) Core(TM) i5-8500 CPU @ 3.00GHz, 6 cores, 15G,  Windows 11 , 64 bit Build 26100 (10.0.26100.7623)
Time: Tue Jan 27 14:29:36 2026 SE Asia Standard Time elapsed time: 4.356600 seconds (0d 0h 0m 4s)

---------------  T H R E A D  ---------------

Current thread (0x0000028a7dffd650):  JavaThread "Daemon worker"        [_thread_in_vm, id=14684, stack(0x000000fdbcb00000,0x000000fdbcc00000) (1024K)]

Stack: [0x000000fdbcb00000,0x000000fdbcc00000]
Native frames: (J=compiled Java code, j=interpreted, Vv=VM code, C=native code)
V  [jvm.dll+0x6d0639]
V  [jvm.dll+0x85eb03]
V  [jvm.dll+0x86105e]
V  [jvm.dll+0x861743]
V  [jvm.dll+0x27e6e6]
V  [jvm.dll+0x8599de]
V  [jvm.dll+0x674055]
V  [jvm.dll+0x1e3131]
V  [jvm.dll+0x1e2efe]
V  [jvm.dll+0x6769a8]
V  [jvm.dll+0x6767e2]
V  [jvm.dll+0x674a4e]
V  [jvm.dll+0x26adf0]
V  [jvm.dll+0x21595b]
V  [jvm.dll+0x20ae49]
V  [jvm.dll+0x5b1ff3]
V  [jvm.dll+0x7d6ac0]
V  [jvm.dll+0x7d6bee]
V  [jvm.dll+0x46eddd]
V  [jvm.dll+0x474728]
C  [java.dll+0x17ec]

Java frames: (J=compiled Java code, j=interpreted, Vv=VM code)
J 806  java.lang.ClassLoader.defineClass1(Ljava/lang/ClassLoader;Ljava/lang/String;[BIILjava/security/ProtectionDomain;Ljava/lang/String;)Ljava/lang/Class; java.base@21.0.6 (0 bytes) @ 0x0000028a6b833009 [0x0000028a6b832f40+0x00000000000000c9]
J 1482 c1 java.lang.ClassLoader.defineClass(Ljava/lang/String;[BIILjava/security/ProtectionDomain;)Ljava/lang/Class; java.base@21.0.6 (43 bytes) @ 0x0000028a63feef6c [0x0000028a63feec20+0x000000000000034c]
J 1126 c1 java.security.SecureClassLoader.defineClass(Ljava/lang/String;[BIILjava/security/CodeSource;)Ljava/lang/Class; java.base@21.0.6 (16 bytes) @ 0x0000028a63ef1f9c [0x0000028a63ef1ec0+0x00000000000000dc]
J 2796 c2 java.net.URLClassLoader$1.run()Ljava/lang/Object; java.base@21.0.6 (5 bytes) @ 0x0000028a6b950dc8 [0x0000028a6b94fe40+0x0000000000000f88]
J 2876 c2 java.net.URLClassLoader.findClass(Ljava/lang/String;)Ljava/lang/Class; java.base@21.0.6 (47 bytes) @ 0x0000028a6b96211c [0x0000028a6b962060+0x00000000000000bc]
J 2645 c2 java.lang.ClassLoader.loadClass(Ljava/lang/String;Z)Ljava/lang/Class; java.base@21.0.6 (121 bytes) @ 0x0000028a6b925d80 [0x0000028a6b923ba0+0x00000000000021e0]
J 894 c1 java.lang.ClassLoader.loadClass(Ljava/lang/String;)Ljava/lang/Class; java.base@21.0.6 (7 bytes) @ 0x0000028a63e91a44 [0x0000028a63e91940+0x0000000000000104]
v  ~StubRoutines::call_stub 0x0000028a6b24100d
j  org.gradle.internal.service.scopes.GradleUserHomeScopeServices.createClassLoaderScopeRegistry(Lorg/gradle/initialization/ClassLoaderRegistry;Lorg/gradle/api/internal/initialization/loadercache/ClassLoaderCache;Lorg/gradle/initialization/ClassLoaderScopeRegistryListenerManager;)Lorg/gradle/initialization/ClassLoaderScopeRegistry;+0
j  java.lang.invoke.LambdaForm$DMH+0x00000001001bf800.invokeVirtual(Ljava/lang/Object;Ljava/lang/Object;Ljava/lang/Object;Ljava/lang/Object;Ljava/lang/Object;)Ljava/lang/Object;+16 java.base@21.0.6
j  java.lang.invoke.LambdaForm$MH+0x0000000100484c00.invoke(Ljava/lang/Object;Ljava/lang/Object;Ljava/lang/Object;Ljava/lang/Object;Ljava/lang/Object;)Ljava/lang/Object;+93 java.base@21.0.6
J 2289 c1 jdk.internal.reflect.DirectMethodHandleAccessor.invoke(Ljava/lang/Object;[Ljava/lang/Object;)Ljava/lang/Object; java.base@21.0.6 (92 bytes) @ 0x0000028a6416ba2c [0x0000028a6416abc0+0x0000000000000e6c]
J 2288 c1 java.lang.reflect.Method.invoke(Ljava/lang/Object;[Ljava/lang/Object;)Ljava/lang/Object; java.base@21.0.6 (108 bytes) @ 0x0000028a6416a334 [0x0000028a64169e40+0x00000000000004f4]
j  org.gradle.internal.reflect.JavaMethod.invoke(Ljava/lang/Object;[Ljava/lang/Object;)Ljava/lang/Object;+6
j  org.gradle.internal.service.ReflectionBasedServiceMethod.invoke(Ljava/lang/Object;[Ljava/lang/Object;)Ljava/lang/Object;+6
j  org.gradle.internal.service.DefaultServiceRegistry$FactoryMethodService.invokeMethod([Ljava/lang/Object;)Ljava/lang/Object;+28
j  org.gradle.internal.service.DefaultServiceRegistry$FactoryService.createServiceInstance()Ljava/lang/Object;+7
j  org.gradle.internal.service.DefaultServiceRegistry$FactoryMethodService.createServiceInstance()Ljava/lang/Object;+1
J 2709 c1 org.gradle.internal.service.DefaultServiceRegistry$ManagedObjectServiceProvider.getInstance()Ljava/lang/Object; (47 bytes) @ 0x0000028a64258904 [0x0000028a64258760+0x00000000000001a4]
J 2544 c1 org.gradle.internal.service.DefaultServiceRegistry$SingletonService.get()Ljava/lang/Object; (5 bytes) @ 0x0000028a64204c3c [0x0000028a64204bc0+0x000000000000007c]
j  org.gradle.internal.service.DefaultServiceRegistry$FactoryService.assembleParameters()[Ljava/lang/Object;+44
j  org.gradle.internal.service.DefaultServiceRegistry$FactoryService.createServiceInstance()Ljava/lang/Object;+1
j  org.gradle.internal.service.DefaultServiceRegistry$FactoryMethodService.createServiceInstance()Ljava/lang/Object;+1
J 2709 c1 org.gradle.internal.service.DefaultServiceRegistry$ManagedObjectServiceProvider.getInstance()Ljava/lang/Object; (47 bytes) @ 0x0000028a64258904 [0x0000028a64258760+0x00000000000001a4]
J 2544 c1 org.gradle.internal.service.DefaultServiceRegistry$SingletonService.get()Ljava/lang/Object; (5 bytes) @ 0x0000028a64204c3c [0x0000028a64204bc0+0x000000000000007c]
j  org.gradle.internal.service.DefaultServiceRegistry$FactoryService.assembleParameters()[Ljava/lang/Object;+44
j  org.gradle.internal.service.DefaultServiceRegistry$FactoryService.createServiceInstance()Ljava/lang/Object;+1
j  org.gradle.internal.service.DefaultServiceRegistry$ConstructorService.createServiceInstance()Ljava/lang/Object;+1
J 2709 c1 org.gradle.internal.service.DefaultServiceRegistry$ManagedObjectServiceProvider.getInstance()Ljava/lang/Object; (47 bytes) @ 0x0000028a64258904 [0x0000028a64258760+0x00000000000001a4]
J 2544 c1 org.gradle.internal.service.DefaultServiceRegistry$SingletonService.get()Ljava/lang/Object; (5 bytes) @ 0x0000028a64204c3c [0x0000028a64204bc0+0x000000000000007c]
j  org.gradle.internal.service.DefaultServiceRegistry$FactoryService.assembleParameters()[Ljava/lang/Object;+44
j  org.gradle.internal.service.DefaultServiceRegistry$FactoryService.createServiceInstance()Ljava/lang/Object;+1
j  org.gradle.internal.service.DefaultServiceRegistry$FactoryMethodService.createServiceInstance()Ljava/lang/Object;+1
J 2709 c1 org.gradle.internal.service.DefaultServiceRegistry$ManagedObjectServiceProvider.getInstance()Ljava/lang/Object; (47 bytes) @ 0x0000028a64258904 [0x0000028a64258760+0x00000000000001a4]
J 2544 c1 org.gradle.internal.service.DefaultServiceRegistry$SingletonService.get()Ljava/lang/Object; (5 bytes) @ 0x0000028a64204c3c [0x0000028a64204bc0+0x000000000000007c]
j  org.gradle.internal.service.DefaultServiceRegistry$FactoryService.assembleParameters()[Ljava/lang/Object;+44
j  org.gradle.internal.service.DefaultServiceRegistry$FactoryService.createServiceInstance()Ljava/lang/Object;+1
j  org.gradle.internal.service.DefaultServiceRegistry$FactoryMethodService.createServiceInstance()Ljava/lang/Object;+1
J 2709 c1 org.gradle.internal.service.DefaultServiceRegistry$ManagedObjectServiceProvider.getInstance()Ljava/lang/Object; (47 bytes) @ 0x0000028a64258904 [0x0000028a64258760+0x00000000000001a4]
J 2544 c1 org.gradle.internal.service.DefaultServiceRegistry$SingletonService.get()Ljava/lang/Object; (5 bytes) @ 0x0000028a64204c3c [0x0000028a64204bc0+0x000000000000007c]
j  org.gradle.internal.service.DefaultServiceRegistry$FactoryService.assembleParameters()[Ljava/lang/Object;+44
j  org.gradle.internal.service.DefaultServiceRegistry$FactoryService.createServiceInstance()Ljava/lang/Object;+1
j  org.gradle.internal.service.DefaultServiceRegistry$ConstructorService.createServiceInstance()Ljava/lang/Object;+1
J 2709 c1 org.gradle.internal.service.DefaultServiceRegistry$ManagedObjectServiceProvider.getInstance()Ljava/lang/Object; (47 bytes) @ 0x0000028a64258904 [0x0000028a64258760+0x00000000000001a4]
J 2544 c1 org.gradle.internal.service.DefaultServiceRegistry$SingletonService.get()Ljava/lang/Object; (5 bytes) @ 0x0000028a64204c3c [0x0000028a64204bc0+0x000000000000007c]
j  org.gradle.internal.service.DefaultServiceRegistry$FactoryService.assembleParameters()[Ljava/lang/Object;+44
j  org.gradle.internal.service.DefaultServiceRegistry$FactoryService.createServiceInstance()Ljava/lang/Object;+1
j  org.gradle.internal.service.DefaultServiceRegistry$FactoryMethodService.createServiceInstance()Ljava/lang/Object;+1
J 2709 c1 org.gradle.internal.service.DefaultServiceRegistry$ManagedObjectServiceProvider.getInstance()Ljava/lang/Object; (47 bytes) @ 0x0000028a64258904 [0x0000028a64258760+0x00000000000001a4]
J 2544 c1 org.gradle.internal.service.DefaultServiceRegistry$SingletonService.get()Ljava/lang/Object; (5 bytes) @ 0x0000028a64204c3c [0x0000028a64204bc0+0x000000000000007c]
j  org.gradle.internal.service.DefaultServiceRegistry.find(Ljava/lang/reflect/Type;)Ljava/lang/Object;+22
j  org.gradle.internal.service.DefaultServiceRegistry.get(Ljava/lang/reflect/Type;)Ljava/lang/Object;+2
j  org.gradle.internal.service.DefaultServiceRegistry.get(Ljava/lang/Class;)Ljava/lang/Object;+3
j  org.gradle.internal.cc.impl.DefaultBuildModelControllerServices$VintageBuildControllerProvider.createBuildModelController(Lorg/gradle/api/internal/GradleInternal;Lorg/gradle/internal/model/StateTransitionControllerFactory;)Lorg/gradle/internal/build/BuildModelController;+69
j  java.lang.invoke.DirectMethodHandle$Holder.invokeSpecial(Ljava/lang/Object;Ljava/lang/Object;Ljava/lang/Object;Ljava/lang/Object;)Ljava/lang/Object;+14 java.base@21.0.6
j  java.lang.invoke.LambdaForm$MH+0x000000010019cc00.invoke(Ljava/lang/Object;Ljava/lang/Object;Ljava/lang/Object;Ljava/lang/Object;)Ljava/lang/Object;+73 java.base@21.0.6
J 2289 c1 jdk.internal.reflect.DirectMethodHandleAccessor.invoke(Ljava/lang/Object;[Ljava/lang/Object;)Ljava/lang/Object; java.base@21.0.6 (92 bytes) @ 0x0000028a6416c05c [0x0000028a6416abc0+0x000000000000149c]
J 2288 c1 java.lang.reflect.Method.invoke(Ljava/lang/Object;[Ljava/lang/Object;)Ljava/lang/Object; java.base@21.0.6 (108 bytes) @ 0x0000028a6416a334 [0x0000028a64169e40+0x00000000000004f4]
j  org.gradle.internal.reflect.JavaMethod.invoke(Ljava/lang/Object;[Ljava/lang/Object;)Ljava/lang/Object;+6
j  org.gradle.internal.service.ReflectionBasedServiceMethod.invoke(Ljava/lang/Object;[Ljava/lang/Object;)Ljava/lang/Object;+6
j  org.gradle.internal.service.DefaultServiceRegistry$FactoryMethodService.invokeMethod([Ljava/lang/Object;)Ljava/lang/Object;+28
j  org.gradle.internal.service.DefaultServiceRegistry$FactoryService.createServiceInstance()Ljava/lang/Object;+7
j  org.gradle.internal.service.DefaultServiceRegistry$FactoryMethodService.createServiceInstance()Ljava/lang/Object;+1
J 2709 c1 org.gradle.internal.service.DefaultServiceRegistry$ManagedObjectServiceProvider.getInstance()Ljava/lang/Object; (47 bytes) @ 0x0000028a64258904 [0x0000028a64258760+0x00000000000001a4]
J 2544 c1 org.gradle.internal.service.DefaultServiceRegistry$SingletonService.get()Ljava/lang/Object; (5 bytes) @ 0x0000028a64204c3c [0x0000028a64204bc0+0x000000000000007c]
j  org.gradle.internal.service.DefaultServiceRegistry.find(Ljava/lang/reflect/Type;)Ljava/lang/Object;+22
j  org.gradle.internal.service.DefaultServiceRegistry.get(Ljava/lang/reflect/Type;)Ljava/lang/Object;+2
j  org.gradle.internal.service.DefaultServiceRegistry.get(Ljava/lang/Class;)Ljava/lang/Object;+3
j  org.gradle.internal.build.DefaultBuildLifecycleControllerFactory.newInstance(Lorg/gradle/api/internal/BuildDefinition;Lorg/gradle/internal/service/ServiceRegistry;)Lorg/gradle/internal/build/BuildLifecycleController;+98
j  org.gradle.internal.cc.impl.DefaultBuildModelControllerServices$ServicesProvider.createBuildLifecycleController(Lorg/gradle/internal/build/BuildLifecycleControllerFactory;)Lorg/gradle/internal/build/BuildLifecycleController;+15
J 1793 c1 java.lang.invoke.DirectMethodHandle$Holder.invokeSpecial(Ljava/lang/Object;Ljava/lang/Object;Ljava/lang/Object;)Ljava/lang/Object; java.base@21.0.6 (15 bytes) @ 0x0000028a6408b594 [0x0000028a6408b1e0+0x00000000000003b4]
j  java.lang.invoke.LambdaForm$MH+0x0000000100144400.invoke(Ljava/lang/Object;Ljava/lang/Object;Ljava/lang/Object;)Ljava/lang/Object;+52 java.base@21.0.6
J 2289 c1 jdk.internal.reflect.DirectMethodHandleAccessor.invoke(Ljava/lang/Object;[Ljava/lang/Object;)Ljava/lang/Object; java.base@21.0.6 (92 bytes) @ 0x0000028a6416c65c [0x0000028a6416abc0+0x0000000000001a9c]
J 2288 c1 java.lang.reflect.Method.invoke(Ljava/lang/Object;[Ljava/lang/Object;)Ljava/lang/Object; java.base@21.0.6 (108 bytes) @ 0x0000028a6416a334 [0x0000028a64169e40+0x00000000000004f4]
j  org.gradle.internal.reflect.JavaMethod.invoke(Ljava/lang/Object;[Ljava/lang/Object;)Ljava/lang/Object;+6
j  org.gradle.internal.service.ReflectionBasedServiceMethod.invoke(Ljava/lang/Object;[Ljava/lang/Object;)Ljava/lang/Object;+6
j  org.gradle.internal.service.DefaultServiceRegistry$FactoryMethodService.invokeMethod([Ljava/lang/Object;)Ljava/lang/Object;+28
j  org.gradle.internal.service.DefaultServiceRegistry$FactoryService.createServiceInstance()Ljava/lang/Object;+7
j  org.gradle.internal.service.DefaultServiceRegistry$FactoryMethodService.createServiceInstance()Ljava/lang/Object;+1
J 2709 c1 org.gradle.internal.service.DefaultServiceRegistry$ManagedObjectServiceProvider.getInstance()Ljava/lang/Object; (47 bytes) @ 0x0000028a64258904 [0x0000028a64258760+0x00000000000001a4]
J 2544 c1 org.gradle.internal.service.DefaultServiceRegistry$SingletonService.get()Ljava/lang/Object; (5 bytes) @ 0x0000028a64204c3c [0x0000028a64204bc0+0x000000000000007c]
j  org.gradle.internal.service.DefaultServiceRegistry.find(Ljava/lang/reflect/Type;)Ljava/lang/Object;+22
j  org.gradle.internal.service.DefaultServiceRegistry.get(Ljava/lang/reflect/Type;)Ljava/lang/Object;+2
j  org.gradle.internal.service.DefaultServiceRegistry.get(Ljava/lang/Class;)Ljava/lang/Object;+3
j  org.gradle.internal.build.AbstractBuildState.lambda$new$0()Lorg/gradle/internal/build/BuildLifecycleController;+6
j  org.gradle.internal.build.AbstractBuildState$$Lambda+0x000000010041ca50.get()Ljava/lang/Object;+4
j  org.gradle.internal.lazy.LockingLazy.get()Ljava/lang/Object;+22
j  org.gradle.internal.build.AbstractBuildState.getBuildController()Lorg/gradle/internal/build/BuildLifecycleController;+4
j  org.gradle.composite.internal.DefaultRootBuildState.<init>(Lorg/gradle/api/internal/BuildDefinition;Lorg/gradle/internal/buildtree/BuildTreeState;Lorg/gradle/internal/event/ListenerManager;)V+19
j  org.gradle.composite.internal.BuildStateFactory.createRootBuild(Lorg/gradle/api/internal/BuildDefinition;)Lorg/gradle/internal/build/RootBuildState;+13
j  org.gradle.composite.internal.DefaultIncludedBuildRegistry.createRootBuild(Lorg/gradle/api/internal/BuildDefinition;)Lorg/gradle/internal/build/RootBuildState;+23
j  org.gradle.launcher.exec.RootBuildLifecycleBuildActionExecutor.execute(Lorg/gradle/internal/invocation/BuildAction;Lorg/gradle/internal/buildtree/BuildTreeContext;)Lorg/gradle/internal/buildtree/BuildActionRunner$Result;+59
j  org.gradle.internal.buildtree.InitDeprecationLoggingActionExecutor.execute(Lorg/gradle/internal/invocation/BuildAction;Lorg/gradle/internal/buildtree/BuildTreeContext;)Lorg/gradle/internal/buildtree/BuildActionRunner$Result;+83
j  org.gradle.internal.buildtree.InitProblems.execute(Lorg/gradle/internal/invocation/BuildAction;Lorg/gradle/internal/buildtree/BuildTreeContext;)Lorg/gradle/internal/buildtree/BuildActionRunner$Result;+13
j  org.gradle.internal.buildtree.DefaultBuildTreeContext.execute(Lorg/gradle/internal/invocation/BuildAction;)Lorg/gradle/internal/buildtree/BuildActionRunner$Result;+64
j  org.gradle.launcher.exec.BuildTreeLifecycleBuildActionExecutor.lambda$execute$0(Lorg/gradle/internal/invocation/BuildAction;Lorg/gradle/internal/buildtree/BuildTreeContext;)Lorg/gradle/internal/buildtree/BuildActionRunner$Result;+2
j  org.gradle.launcher.exec.BuildTreeLifecycleBuildActionExecutor$$Lambda+0x00000001003aede8.apply(Ljava/lang/Object;)Ljava/lang/Object;+8
j  org.gradle.internal.buildtree.BuildTreeState.run(Ljava/util/function/Function;)Ljava/lang/Object;+47
j  org.gradle.launcher.exec.BuildTreeLifecycleBuildActionExecutor.execute(Lorg/gradle/internal/invocation/BuildAction;Lorg/gradle/internal/session/BuildSessionContext;)Lorg/gradle/internal/buildtree/BuildActionRunner$Result;+74
j  org.gradle.launcher.exec.RunAsBuildOperationBuildActionExecutor$3.call(Lorg/gradle/internal/operations/BuildOperationContext;)Lorg/gradle/internal/buildtree/BuildActionRunner$Result;+25
j  org.gradle.launcher.exec.RunAsBuildOperationBuildActionExecutor$3.call(Lorg/gradle/internal/operations/BuildOperationContext;)Ljava/lang/Object;+2
j  org.gradle.internal.operations.DefaultBuildOperationRunner$CallableBuildOperationWorker.execute(Lorg/gradle/internal/operations/CallableBuildOperation;Lorg/gradle/internal/operations/BuildOperationContext;)V+3
j  org.gradle.internal.operations.DefaultBuildOperationRunner$CallableBuildOperationWorker.execute(Lorg/gradle/internal/operations/BuildOperation;Lorg/gradle/internal/operations/BuildOperationContext;)V+6
j  org.gradle.internal.operations.DefaultBuildOperationRunner$2.execute(Lorg/gradle/internal/operations/BuildOperationDescriptor;Lorg/gradle/internal/operations/BuildOperationState;Lorg/gradle/internal/operations/BuildOperationState;Lorg/gradle/internal/operations/DefaultBuildOperationRunner$ReadableBuildOperationContext;Lorg/gradle/internal/operations/DefaultBuildOperationRunner$BuildOperationExecutionListener;)Lorg/gradle/internal/operations/BuildOperation;+22
j  org.gradle.internal.operations.DefaultBuildOperationRunner$2.execute(Lorg/gradle/internal/operations/BuildOperationDescriptor;Lorg/gradle/internal/operations/BuildOperationState;Lorg/gradle/internal/operations/BuildOperationState;Lorg/gradle/internal/operations/DefaultBuildOperationRunner$ReadableBuildOperationContext;Lorg/gradle/internal/operations/DefaultBuildOperationRunner$BuildOperationExecutionListener;)Ljava/lang/Object;+8
j  org.gradle.internal.operations.DefaultBuildOperationRunner.execute(Lorg/gradle/internal/operations/BuildOperationDescriptor$Builder;Lorg/gradle/internal/operations/BuildOperationState;Lorg/gradle/internal/operations/DefaultBuildOperationRunner$BuildOperationExecution;)Ljava/lang/Object;+141
j  org.gradle.internal.operations.DefaultBuildOperationRunner.execute(Lorg/gradle/internal/operations/BuildOperation;Lorg/gradle/internal/operations/BuildOperationWorker;Lorg/gradle/internal/operations/BuildOperationState;)V+18
j  org.gradle.internal.operations.DefaultBuildOperationRunner.call(Lorg/gradle/internal/operations/CallableBuildOperation;)Ljava/lang/Object;+16
j  org.gradle.launcher.exec.RunAsBuildOperationBuildActionExecutor.execute(Lorg/gradle/internal/invocation/BuildAction;Lorg/gradle/internal/session/BuildSessionContext;)Lorg/gradle/internal/buildtree/BuildActionRunner$Result;+23
j  org.gradle.launcher.exec.RunAsWorkerThreadBuildActionExecutor.lambda$execute$0(Lorg/gradle/internal/invocation/BuildAction;Lorg/gradle/internal/session/BuildSessionContext;)Lorg/gradle/internal/buildtree/BuildActionRunner$Result;+6
j  org.gradle.launcher.exec.RunAsWorkerThreadBuildActionExecutor$$Lambda+0x0000000100380700.create()Ljava/lang/Object;+12
j  org.gradle.internal.work.DefaultWorkerLeaseService.withLocks(Ljava/util/Collection;Lorg/gradle/internal/Factory;)Ljava/lang/Object;+28
j  org.gradle.internal.work.DefaultWorkerLeaseService.runAsWorkerThread(Lorg/gradle/internal/Factory;)Ljava/lang/Object;+33
j  org.gradle.launcher.exec.RunAsWorkerThreadBuildActionExecutor.execute(Lorg/gradle/internal/invocation/BuildAction;Lorg/gradle/internal/session/BuildSessionContext;)Lorg/gradle/internal/buildtree/BuildActionRunner$Result;+12
j  org.gradle.tooling.internal.provider.continuous.ContinuousBuildActionExecutor.execute(Lorg/gradle/internal/invocation/BuildAction;Lorg/gradle/internal/session/BuildSessionContext;)Lorg/gradle/internal/buildtree/BuildActionRunner$Result;+58
j  org.gradle.tooling.internal.provider.SubscribableBuildActionExecutor.execute(Lorg/gradle/internal/invocation/BuildAction;Lorg/gradle/internal/session/BuildSessionContext;)Lorg/gradle/internal/buildtree/BuildActionRunner$Result;+30
j  org.gradle.internal.session.DefaultBuildSessionContext.execute(Lorg/gradle/internal/invocation/BuildAction;)Lorg/gradle/internal/buildtree/BuildActionRunner$Result;+64
j  org.gradle.internal.buildprocess.execution.BuildSessionLifecycleBuildActionExecutor$ActionImpl.apply(Lorg/gradle/internal/session/BuildSessionContext;)Lorg/gradle/launcher/exec/BuildActionResult;+6
j  org.gradle.internal.buildprocess.execution.BuildSessionLifecycleBuildActionExecutor$ActionImpl.apply(Ljava/lang/Object;)Ljava/lang/Object;+5
j  org.gradle.internal.session.BuildSessionState.run(Ljava/util/function/Function;)Ljava/lang/Object;+5
j  org.gradle.internal.buildprocess.execution.BuildSessionLifecycleBuildActionExecutor.execute(Lorg/gradle/internal/invocation/BuildAction;Lorg/gradle/launcher/exec/BuildActionParameters;Lorg/gradle/initialization/BuildRequestContext;)Lorg/gradle/launcher/exec/BuildActionResult;+95
j  org.gradle.internal.buildprocess.execution.BuildSessionLifecycleBuildActionExecutor.execute(Lorg/gradle/internal/invocation/BuildAction;Ljava/lang/Object;Ljava/lang/Object;)Lorg/gradle/launcher/exec/BuildActionResult;+10
j  org.gradle.internal.buildprocess.execution.StartParamsValidatingActionExecutor.execute(Lorg/gradle/internal/invocation/BuildAction;Lorg/gradle/launcher/exec/BuildActionParameters;Lorg/gradle/initialization/BuildRequestContext;)Lorg/gradle/launcher/exec/BuildActionResult;+203
j  org.gradle.internal.buildprocess.execution.StartParamsValidatingActionExecutor.execute(Lorg/gradle/internal/invocation/BuildAction;Ljava/lang/Object;Ljava/lang/Object;)Lorg/gradle/launcher/exec/BuildActionResult;+10
j  org.gradle.internal.buildprocess.execution.SessionFailureReportingActionExecutor.execute(Lorg/gradle/internal/invocation/BuildAction;Lorg/gradle/launcher/exec/BuildActionParameters;Lorg/gradle/initialization/BuildRequestContext;)Lorg/gradle/launcher/exec/BuildActionResult;+7
j  org.gradle.internal.buildprocess.execution.SessionFailureReportingActionExecutor.execute(Lorg/gradle/internal/invocation/BuildAction;Ljava/lang/Object;Ljava/lang/Object;)Lorg/gradle/launcher/exec/BuildActionResult;+10
j  org.gradle.internal.buildprocess.execution.SetupLoggingActionExecutor.execute(Lorg/gradle/internal/invocation/BuildAction;Lorg/gradle/launcher/exec/BuildActionParameters;Lorg/gradle/initialization/BuildRequestContext;)Lorg/gradle/launcher/exec/BuildActionResult;+50
j  org.gradle.internal.buildprocess.execution.SetupLoggingActionExecutor.execute(Lorg/gradle/internal/invocation/BuildAction;Ljava/lang/Object;Ljava/lang/Object;)Lorg/gradle/launcher/exec/BuildActionResult;+10
j  org.gradle.launcher.daemon.server.exec.ExecuteBuild.doBuild(Lorg/gradle/launcher/daemon/server/api/DaemonCommandExecution;Lorg/gradle/launcher/daemon/protocol/Build;)V+147
j  org.gradle.launcher.daemon.server.exec.BuildCommandOnly.execute(Lorg/gradle/launcher/daemon/server/api/DaemonCommandExecution;)V+49
j  org.gradle.launcher.daemon.server.api.DaemonCommandExecution.proceed()Z+23
j  org.gradle.launcher.daemon.server.exec.WatchForDisconnection.execute(Lorg/gradle/launcher/daemon/server/api/DaemonCommandExecution;)V+19
j  org.gradle.launcher.daemon.server.api.DaemonCommandExecution.proceed()Z+23
j  org.gradle.launcher.daemon.server.exec.ResetDeprecationLogger.execute(Lorg/gradle/launcher/daemon/server/api/DaemonCommandExecution;)V+7
j  org.gradle.launcher.daemon.server.api.DaemonCommandExecution.proceed()Z+23
j  org.gradle.launcher.daemon.server.exec.RequestStopIfSingleUsedDaemon.execute(Lorg/gradle/launcher/daemon/server/api/DaemonCommandExecution;)V+33
j  org.gradle.launcher.daemon.server.api.DaemonCommandExecution.proceed()Z+23
j  org.gradle.launcher.daemon.server.exec.ForwardClientInput.lambda$execute$0(Lorg/gradle/launcher/daemon/server/api/DaemonCommandExecution;Lorg/gradle/internal/daemon/clientinput/StdinHandler;)Ljava/lang/Object;+11
j  org.gradle.launcher.daemon.server.exec.ForwardClientInput$$Lambda+0x0000000100236920.apply(Ljava/lang/Object;)Ljava/lang/Object;+8
j  org.gradle.internal.daemon.clientinput.ClientInputForwarder.forwardInput(Ljava/util/function/Function;)Ljava/lang/Object;+46
j  org.gradle.launcher.daemon.server.exec.ForwardClientInput.execute(Lorg/gradle/launcher/daemon/server/api/DaemonCommandExecution;)V+10
j  org.gradle.launcher.daemon.server.api.DaemonCommandExecution.proceed()Z+23
j  org.gradle.launcher.daemon.server.exec.LogAndCheckHealth.execute(Lorg/gradle/launcher/daemon/server/api/DaemonCommandExecution;)V+51
j  org.gradle.launcher.daemon.server.api.DaemonCommandExecution.proceed()Z+23
j  org.gradle.launcher.daemon.server.exec.LogToClient.doBuild(Lorg/gradle/launcher/daemon/server/api/DaemonCommandExecution;Lorg/gradle/launcher/daemon/protocol/Build;)V+87
j  org.gradle.launcher.daemon.server.exec.BuildCommandOnly.execute(Lorg/gradle/launcher/daemon/server/api/DaemonCommandExecution;)V+49
j  org.gradle.launcher.daemon.server.api.DaemonCommandExecution.proceed()Z+23
j  org.gradle.launcher.daemon.server.exec.EstablishBuildEnvironment.doBuild(Lorg/gradle/launcher/daemon/server/api/DaemonCommandExecution;Lorg/gradle/launcher/daemon/protocol/Build;)V+356
j  org.gradle.launcher.daemon.server.exec.BuildCommandOnly.execute(Lorg/gradle/launcher/daemon/server/api/DaemonCommandExecution;)V+49
j  org.gradle.launcher.daemon.server.api.DaemonCommandExecution.proceed()Z+23
j  org.gradle.launcher.daemon.server.exec.StartBuildOrRespondWithBusy$1.run()V+44
j  org.gradle.launcher.daemon.server.DaemonStateCoordinator.lambda$runCommand$0(Ljava/lang/Runnable;)V+1
j  org.gradle.launcher.daemon.server.DaemonStateCoordinator$$Lambda+0x0000000100235208.run()V+8
j  org.gradle.internal.concurrent.ExecutorPolicy$CatchAndRecordFailures.onExecute(Ljava/lang/Runnable;)V+1
j  org.gradle.internal.concurrent.AbstractManagedExecutor$1.run()V+25
j  java.util.concurrent.ThreadPoolExecutor.runWorker(Ljava/util/concurrent/ThreadPoolExecutor$Worker;)V+92 java.base@21.0.6
j  java.util.concurrent.ThreadPoolExecutor$Worker.run()V+5 java.base@21.0.6
j  java.lang.Thread.runWith(Ljava/lang/Object;Ljava/lang/Runnable;)V+5 java.base@21.0.6
j  java.lang.Thread.run()V+19 java.base@21.0.6
v  ~StubRoutines::call_stub 0x0000028a6b24100d

Compiled method (n/a) 4427  806     n 0       java.lang.ClassLoader::defineClass1 (native)
 total in heap  [0x0000028a6b832d90,0x0000028a6b8333e8] = 1624
 relocation     [0x0000028a6b832ef0,0x0000028a6b832f28] = 56
 main code      [0x0000028a6b832f40,0x0000028a6b8333e7] = 1191
 stub code      [0x0000028a6b8333e7,0x0000028a6b8333e8] = 1

[Constant Pool (empty)]

[MachCode]
[Entry Point]
  # {method} {0x0000028a78025018} 'defineClass1' '(Ljava/lang/ClassLoader;Ljava/lang/String;[BIILjava/security/ProtectionDomain;Ljava/lang/String;)Ljava/lang/Class;' in 'java/lang/ClassLoader'
  # parm0:    rdx:rdx   = 'java/lang/ClassLoader'
  # parm1:    r8:r8     = 'java/lang/String'
  # parm2:    r9:r9     = '[B'
  # parm3:    rdi       = int
  # parm4:    rsi       = int
  # parm5:    rcx:rcx   = 'java/security/ProtectionDomain'
  # parm6:    [sp+0xa0]   = 'java/lang/String'  (sp of caller)
  0x0000028a6b832f40: 448b 5208 | 49c1 e203 | 493b c20f | 8407 0000 

  0x0000028a6b832f50: ;   {runtime_call ic_miss_stub}
  0x0000028a6b832f50: 00e9 2ab8 | a5ff 6690 
[Verified Entry Point]
  0x0000028a6b832f58: 8984 2400 | 80ff ff55 | 488b ec48 | 81ec 9000 | 0000 6690 | 4181 7f20 | 0300 0000 

  0x0000028a6b832f74: ;   {runtime_call StubRoutines (final stubs)}
  0x0000028a6b832f74: 7405 e8a5 | 6ba4 ff48 | 837d 1000 | 488d 4510 | 480f 4445 | 1048 8944 | 2440 4889 | 4c24 7048 
  0x0000028a6b832f94: 83f9 0048 | 8d44 2470 | 480f 4444 | 2470 4889 | 4424 3848 | 8974 2430 | 4889 7c24 | 284c 894c 
  0x0000028a6b832fb4: 2458 4983 | f900 488d | 4424 5848 | 0f44 4424 | 5848 8944 | 2420 4c89 | 4424 5049 | 83f8 004c 
  0x0000028a6b832fd4: 8d4c 2450 | 4c0f 444c | 2450 4889 | 5424 4848 | 83fa 004c | 8d44 2448 | 4c0f 4444 

  0x0000028a6b832ff0: ;   {oop(a 'java/lang/Class'{0x0000000080708d30} = 'java/lang/ClassLoader')}
  0x0000028a6b832ff0: 2448 49be | 308d 7080 | 0000 0000 | 4c89 7424 | 784c 8d74 | 2478 498b | d6c5 f877 

  0x0000028a6b83300c: ;   {internal_word}
  0x0000028a6b83300c: 49ba 0930 | 836b 8a02 | 0000 4d89 | 97a0 0300 | 0049 89a7 | 9803 0000 

  0x0000028a6b833024: ;   {external_word}
  0x0000028a6b833024: 49ba 8057 | efd5 fa7f | 0000 4180 | 3a00 0f84 | 4e00 0000 | 5241 5041 

  0x0000028a6b83303c: ;   {metadata({method} {0x0000028a78025018} 'defineClass1' '(Ljava/lang/ClassLoader;Ljava/lang/String;[BIILjava/security/ProtectionDomain;Ljava/lang/String;)Ljava/lang/Class;' in 'java/lang/ClassLoader')}
  0x0000028a6b83303c: 5148 ba10 | 5002 788a | 0200 0049 | 8bcf 4883 | ec20 40f6 | c40f 0f84 | 1900 0000 | 4883 ec08 
  0x0000028a6b83305c: ;   {runtime_call}
  0x0000028a6b83305c: 48b8 5077 | a9d5 fa7f | 0000 ffd0 | 4883 c408 | e90c 0000 

  0x0000028a6b833070: ;   {runtime_call}
  0x0000028a6b833070: 0048 b850 | 77a9 d5fa | 7f00 00ff | d048 83c4 | 2041 5941 | 585a 498d | 8fb8 0300 | 0041 c787 
  0x0000028a6b833090: 4404 0000 | 0400 0000 

  0x0000028a6b833098: ;   {runtime_call}
  0x0000028a6b833098: 48b8 ac16 | 0730 fb7f | 0000 ffd0 | c5f8 7741 | c787 4404 | 0000 0500 | 0000 f083 | 4424 c000 
  0x0000028a6b8330b8: 493b af48 | 0400 000f | 870e 0000 | 0041 83bf | 4004 0000 | 000f 842b | 0000 00c5 | f877 4889 
  0x0000028a6b8330d8: 45f8 498b | cf4c 8be4 | 4883 ec20 | 4883 e4f0 

  0x0000028a6b8330e8: ;   {runtime_call}
  0x0000028a6b8330e8: 48b8 20dc | 74d5 fa7f | 0000 ffd0 | 498b e44d | 33e4 488b | 45f8 41c7 | 8744 0400 | 0008 0000 
  0x0000028a6b833108: 0041 83bf | c004 0000 | 020f 84a3 

  0x0000028a6b833114: ;   {external_word}
  0x0000028a6b833114: 0200 0049 | ba80 57ef | d5fa 7f00 | 0041 803a | 000f 844c | 0000 0048 

  0x0000028a6b83312c: ;   {metadata({method} {0x0000028a78025018} 'defineClass1' '(Ljava/lang/ClassLoader;Ljava/lang/String;[BIILjava/security/ProtectionDomain;Ljava/lang/String;)Ljava/lang/Class;' in 'java/lang/ClassLoader')}
  0x0000028a6b83312c: 8945 f848 | ba10 5002 | 788a 0200 | 0049 8bcf | 4883 ec20 | 40f6 c40f | 0f84 1900 | 0000 4883 
  0x0000028a6b83314c: ;   {runtime_call}
  0x0000028a6b83314c: ec08 48b8 | 5077 a9d5 | fa7f 0000 | ffd0 4883 | c408 e90c 

  0x0000028a6b833160: ;   {runtime_call}
  0x0000028a6b833160: 0000 0048 | b850 77a9 | d5fa 7f00 | 00ff d048 | 83c4 2048 | 8b45 f849 | c787 9803 | 0000 0000 
  0x0000028a6b833180: 0000 49c7 | 87a0 0300 | 0000 0000 | 00c5 f877 | 4885 c00f | 84fe 0100 | 00a8 030f | 8508 0000 
  0x0000028a6b8331a0: 0048 8b00 | e9ee 0100 | 00a8 010f | 8509 0000 | 0048 8b40 | fee9 dd01 | 0000 488b | 40ff 4180 
  0x0000028a6b8331c0: 7f40 000f | 84ce 0100 | 0048 83f8 | 000f 84c4 | 0100 0049 | 8b4f 2848 | 83f9 000f | 8414 0000 
  0x0000028a6b8331e0: 0048 83e9 | 0849 894f | 2849 034f | 3848 8901 | e9a2 0100 | 0048 81ec | d000 0000 | 4889 0424 
  0x0000028a6b833200: 4889 4c24 | 0848 8954 | 2410 4889 | 7424 1848 | 897c 2420 | 4c89 4424 | 284c 894c | 2430 4c89 
  0x0000028a6b833220: 5424 384c | 895c 2440 | c5fb 1144 | 2450 c5fb | 114c 2458 | c5fb 1154 | 2460 c5fb | 115c 2468 
  0x0000028a6b833240: c5fb 1164 | 2470 c5fb | 116c 2478 | c5fb 11b4 | 2480 0000 | 00c5 fb11 | bc24 8800 | 0000 c57b 
  0x0000028a6b833260: ;   {no_reloc}
  0x0000028a6b833260: 1184 2490 | 0000 00c5 | 7b11 8c24 | 9800 0000 | c57b 1194 | 24a0 0000 | 00c5 7b11 | 9c24 a800 
  0x0000028a6b833280: 0000 c57b | 11a4 24b0 | 0000 00c5 | 7b11 ac24 | b800 0000 | c57b 11b4 | 24c0 0000 | 00c5 7b11 
  0x0000028a6b8332a0: bc24 c800 | 0000 498b | d748 8bc8 | 4883 ec20 | 40f6 c40f | 0f84 1900 | 0000 4883 

  0x0000028a6b8332bc: ;   {runtime_call}
  0x0000028a6b8332bc: ec08 48b8 | 70ee 67d5 | fa7f 0000 | ffd0 4883 | c408 e90c 

  0x0000028a6b8332d0: ;   {runtime_call}
  0x0000028a6b8332d0: 0000 0048 | b870 ee67 | d5fa 7f00 | 00ff d048 | 83c4 20c5 | 7b10 bc24 | c800 0000 | c57b 10b4 
  0x0000028a6b8332f0: 24c0 0000 | 00c5 7b10 | ac24 b800 | 0000 c57b | 10a4 24b0 | 0000 00c5 | 7b10 9c24 | a800 0000 
  0x0000028a6b833310: c57b 1094 | 24a0 0000 | 00c5 7b10 | 8c24 9800 | 0000 c57b | 1084 2490 | 0000 00c5 | fb10 bc24 
  0x0000028a6b833330: 8800 0000 | c5fb 10b4 | 2480 0000 | 00c5 fb10 | 6c24 78c5 | fb10 6424 | 70c5 fb10 | 5c24 68c5 
  0x0000028a6b833350: fb10 5424 | 60c5 fb10 | 4c24 58c5 | fb10 4424 | 504c 8b5c | 2440 4c8b | 5424 384c | 8b4c 2430 
  0x0000028a6b833370: 4c8b 4424 | 2848 8b7c | 2420 488b | 7424 1848 | 8b54 2410 | 488b 4c24 | 0848 8b04 | 2448 81c4 
  0x0000028a6b833390: d000 0000 | c5f8 7749 | 8b8f 2804 | 0000 c781 | 0001 0000 | 0000 0000 | c949 837f | 0800 0f85 
  0x0000028a6b8333b0: 0100 0000 

  0x0000028a6b8333b4: ;   {runtime_call StubRoutines (initial stubs)}
  0x0000028a6b8333b4: c3e9 46db | a0ff c5f8 | 7748 8945 | f84c 8be4 | 4883 ec20 | 4883 e4f0 

  0x0000028a6b8333cc: ;   {runtime_call}
  0x0000028a6b8333cc: 48b8 f0ae | a9d5 fa7f | 0000 ffd0 | 498b e44d | 33e4 488b | 45f8 e930 | fdff fff4 
[/MachCode]


Compiled method (c1) 4439 1482       3       java.lang.ClassLoader::defineClass (43 bytes)
 total in heap  [0x0000028a63feea10,0x0000028a63fef378] = 2408
 relocation     [0x0000028a63feeb70,0x0000028a63feec10] = 160
 main code      [0x0000028a63feec20,0x0000028a63fef0b0] = 1168
 stub code      [0x0000028a63fef0b0,0x0000028a63fef128] = 120
 metadata       [0x0000028a63fef128,0x0000028a63fef168] = 64
 scopes data    [0x0000028a63fef168,0x0000028a63fef258] = 240
 scopes pcs     [0x0000028a63fef258,0x0000028a63fef338] = 224
 dependencies   [0x0000028a63fef338,0x0000028a63fef350] = 24
 nul chk table  [0x0000028a63fef350,0x0000028a63fef378] = 40

[Constant Pool (empty)]

[MachCode]
[Entry Point]
  # {method} {0x0000028a78024e38} 'defineClass' '(Ljava/lang/String;[BIILjava/security/ProtectionDomain;)Ljava/lang/Class;' in 'java/lang/ClassLoader'
  # this:     rdx:rdx   = 'java/lang/ClassLoader'
  # parm0:    r8:r8     = 'java/lang/String'
  # parm1:    r9:r9     = '[B'
  # parm2:    rdi       = int
  # parm3:    rsi       = int
  # parm4:    rcx:rcx   = 'java/security/ProtectionDomain'
  #           [sp+0xc0]  (sp of caller)
  0x0000028a63feec20: 448b 5208 | 49c1 e203 

  0x0000028a63feec28: ;   {runtime_call ic_miss_stub}
  0x0000028a63feec28: 4c3b d00f | 854f fb29 | 0766 6666 | 0f1f 8400 | 0000 0000 | 6666 6690 
[Verified Entry Point]
  0x0000028a63feec40: 8984 2400 | 80ff ff55 | 4881 ecb0 | 0000 0090 | 4181 7f20 | 0300 0000 

  0x0000028a63feec58: ;   {runtime_call StubRoutines (final stubs)}
  0x0000028a63feec58: 7405 e8c1 | ae28 0748 | 8954 2478 

  0x0000028a63feec64: ;   {metadata(method data for {method} {0x0000028a78024e38} 'defineClass' '(Ljava/lang/String;[BIILjava/security/ProtectionDomain;)Ljava/lang/Class;' in 'java/lang/ClassLoader')}
  0x0000028a63feec64: 48bb f02b | 9c78 8a02 | 0000 8b83 | cc00 0000 | 83c0 0289 | 83cc 0000 | 0025 fe07 | 0000 85c0 
  0x0000028a63feec84: 0f84 4803 | 0000 89b4 | 2494 0000 | 0089 bc24 | 9000 0000 | 4c89 8c24 | 8800 0000 

  0x0000028a63feeca0: ;   {metadata(method data for {method} {0x0000028a78024e38} 'defineClass' '(Ljava/lang/String;[BIILjava/security/ProtectionDomain;)Ljava/lang/Class;' in 'java/lang/ClassLoader')}
  0x0000028a63feeca0: 488b da48 | b8f0 2b9c | 788a 0200 | 0048 8380 | 1001 0000 | 0149 8bd8 | 4c8b c34c | 8bc9 488b 
  0x0000028a63feecc0: ca48 8bd1 | 4889 9c24 | 8000 0000 

  0x0000028a63feeccc: ;   {optimized virtual_call}
  0x0000028a63feeccc: 6666 90e8 

  0x0000028a63feecd0: ; ImmutableOopMap {[120]=Oop [128]=Oop [136]=Oop }
                      ;*invokevirtual preDefineClass {reexecute=0 rethrow=0 return_oop=0}
                      ; - java.lang.ClassLoader::defineClass@4
  0x0000028a63feecd0: 4cf0 f0ff 

  0x0000028a63feecd4: ;   {other}
  0x0000028a63feecd4: 0f1f 8400 | c402 0000 | 4889 8424 | 9800 0000 | 488b 5424 

  0x0000028a63feece8: ;   {metadata(method data for {method} {0x0000028a78024e38} 'defineClass' '(Ljava/lang/String;[BIILjava/security/ProtectionDomain;)Ljava/lang/Class;' in 'java/lang/ClassLoader')}
  0x0000028a63feece8: 7849 b8f0 | 2b9c 788a | 0200 0049 | 8380 4801 

  0x0000028a63feecf8: ;   {metadata(method data for {method} {0x0000028a78024c58} 'defineClassSourceLocation' '(Ljava/security/ProtectionDomain;)Ljava/lang/String;' in 'java/lang/ClassLoader')}
  0x0000028a63feecf8: 0000 0149 | b878 5c9c | 788a 0200 | 0041 8b90 | cc00 0000 | 83c2 0241 | 8990 cc00 | 0000 81e2 
  0x0000028a63feed18: feff 1f00 | 85d2 0f84 | cf02 0000 

  0x0000028a63feed24: ; implicit exception: dispatches to 0x0000028a63fef014
  0x0000028a63feed24: 483b 004c 

  0x0000028a63feed28: ;   {metadata(method data for {method} {0x0000028a78024c58} 'defineClassSourceLocation' '(Ljava/security/ProtectionDomain;)Ljava/lang/String;' in 'java/lang/ClassLoader')}
  0x0000028a63feed28: 8bc0 48ba | 785c 9c78 | 8a02 0000 | 4883 8210 | 0100 0001 | 448b 4010 

  0x0000028a63feed40: ;   {metadata(method data for {method} {0x0000028a78024c58} 'defineClassSourceLocation' '(Ljava/security/ProtectionDomain;)Ljava/lang/String;' in 'java/lang/ClassLoader')}
  0x0000028a63feed40: 4d85 c048 | ba78 5c9c | 788a 0200 | 0048 c7c6 | 5801 0000 | 7507 48c7 | c648 0100 | 0048 8b3c 
  0x0000028a63feed60: 3248 8d7f | 0148 893c | 320f 850f 

  0x0000028a63feed6c: ;   {oop(nullptr)}
  0x0000028a63feed6c: 0000 0048 | bb00 0000 | 0000 0000 | 00e9 9901 | 0000 493b | 0049 8bd0 

  0x0000028a63feed84: ;   {metadata(method data for {method} {0x0000028a78024c58} 'defineClassSourceLocation' '(Ljava/security/ProtectionDomain;)Ljava/lang/String;' in 'java/lang/ClassLoader')}
  0x0000028a63feed84: 48be 785c | 9c78 8a02 | 0000 4883 | 8668 0100 | 0001 418b | 500c 4885 

  0x0000028a63feed9c: ;   {metadata(method data for {method} {0x0000028a78024c58} 'defineClassSourceLocation' '(Ljava/security/ProtectionDomain;)Ljava/lang/String;' in 'java/lang/ClassLoader')}
  0x0000028a63feed9c: d248 be78 | 5c9c 788a | 0200 0048 | c7c7 b001 | 0000 7507 | 48c7 c7a0 | 0100 0048 | 8b1c 3e48 
  0x0000028a63feedbc: 8d5b 0148 | 891c 3e0f | 850f 0000 

  0x0000028a63feedc8: ;   {oop(nullptr)}
  0x0000028a63feedc8: 0048 bb00 | 0000 0000 | 0000 00e9 | 3f01 0000 

  0x0000028a63feedd8: ;   {metadata(method data for {method} {0x0000028a78024c58} 'defineClassSourceLocation' '(Ljava/security/ProtectionDomain;)Ljava/lang/String;' in 'java/lang/ClassLoader')}
  0x0000028a63feedd8: 48be 785c | 9c78 8a02 | 0000 4883 | 86c0 0100 | 0001 483b | 024c 8bc2 

  0x0000028a63feedf0: ;   {metadata(method data for {method} {0x0000028a78024c58} 'defineClassSourceLocation' '(Ljava/security/ProtectionDomain;)Ljava/lang/String;' in 'java/lang/ClassLoader')}
  0x0000028a63feedf0: 48be 785c | 9c78 8a02 | 0000 4883 | 86f8 0100 

  0x0000028a63feee00: ;   {metadata(method data for {method} {0x0000028a780f61a8} 'toString' '()Ljava/lang/String;' in 'java/net/URL')}
  0x0000028a63feee00: 0001 49b8 | f03e 6878 | 8a02 0000 | 418b b0cc | 0000 0083 | c602 4189 | b0cc 0000 | 0081 e6fe 
  0x0000028a63feee20: ff1f 0085 | f60f 84f8 | 0100 004c 

  0x0000028a63feee2c: ;   {metadata(method data for {method} {0x0000028a780f61a8} 'toString' '()Ljava/lang/String;' in 'java/net/URL')}
  0x0000028a63feee2c: 8bc2 48be | f03e 6878 | 8a02 0000 | 4883 8610 | 0100 0001 

  0x0000028a63feee40: ;   {metadata(method data for {method} {0x0000028a780f6260} 'toExternalForm' '()Ljava/lang/String;' in 'java/net/URL')}
  0x0000028a63feee40: 49b8 7840 | 6878 8a02 | 0000 418b | b0cc 0000 | 0083 c602 | 4189 b0cc | 0000 0081 | e6fe ff1f 
  0x0000028a63feee60: 0085 f60f | 84db 0100 | 008b 7238 

  0x0000028a63feee6c: ; implicit exception: dispatches to 0x0000028a63fef065
  0x0000028a63feee6c: 483b 064c 

  0x0000028a63feee70: ;   {metadata(method data for {method} {0x0000028a780f6260} 'toExternalForm' '()Ljava/lang/String;' in 'java/net/URL')}
  0x0000028a63feee70: 8bc6 48bf | 7840 6878 | 8a02 0000 | 458b 4008 | 49c1 e003 | 4c3b 8720 | 0100 0075 | 0d48 8387 
  0x0000028a63feee90: 2801 0000 | 01e9 6000 | 0000 4c3b | 8730 0100 | 0075 0d48 | 8387 3801 | 0000 01e9 | 4a00 0000 
  0x0000028a63feeeb0: 4883 bf20 | 0100 0000 | 7517 4c89 | 8720 0100 | 0048 c787 | 2801 0000 | 0100 0000 | e929 0000 
  0x0000028a63feeed0: 0048 83bf | 3001 0000 | 0075 174c | 8987 3001 | 0000 48c7 | 8738 0100 | 0001 0000 | 00e9 0800 
  0x0000028a63feeef0: 0000 4883 | 8710 0100 | 0001 4c8b | c248 8bd6 | 0f1f 8000 

  0x0000028a63feef04: ;   {optimized virtual_call}
  0x0000028a63feef04: 0000 00e8 

  0x0000028a63feef08: ; ImmutableOopMap {[120]=Oop [128]=Oop [136]=Oop [152]=Oop }
                      ;*invokevirtual toExternalForm {reexecute=0 rethrow=0 return_oop=0}
                      ; - java.net.URL::toExternalForm@5
                      ; - java.net.URL::toString@1
                      ; - java.lang.ClassLoader::defineClassSourceLocation@22
                      ; - java.lang.ClassLoader::defineClass@12
  0x0000028a63feef08: 9425 e9ff 

  0x0000028a63feef0c: ;   {other}
  0x0000028a63feef0c: 0f1f 8400 | fc04 0001 | 488b d848 | 8b84 2498 | 0000 008b | b424 9400 | 0000 8bbc | 2490 0000 
  0x0000028a63feef2c: 004c 8b8c | 2488 0000 | 004c 8b84 | 2480 0000 | 0048 8b54 

  0x0000028a63feef40: ;   {metadata(method data for {method} {0x0000028a78024e38} 'defineClass' '(Ljava/lang/String;[BIILjava/security/ProtectionDomain;)Ljava/lang/Class;' in 'java/lang/ClassLoader')}
  0x0000028a63feef40: 2478 48b9 | f02b 9c78 | 8a02 0000 | 4883 8180 | 0100 0001 | 4c8b da49 | 8bd3 488b | c848 891c 
  0x0000028a63feef60: 2466 0f1f 

  0x0000028a63feef64: ;   {static_call}
  0x0000028a63feef64: 4400 00e8 

  0x0000028a63feef68: ; ImmutableOopMap {[120]=Oop [152]=Oop }
                      ;*invokestatic defineClass1 {reexecute=0 rethrow=0 return_oop=0}
                      ; - java.lang.ClassLoader::defineClass@27
  0x0000028a63feef68: ec3f 8407 

  0x0000028a63feef6c: ;   {other}
  0x0000028a63feef6c: 0f1f 8400 | 5c05 0002 | 488b 5424 

  0x0000028a63feef78: ;   {metadata(method data for {method} {0x0000028a78024e38} 'defineClass' '(Ljava/lang/String;[BIILjava/security/ProtectionDomain;)Ljava/lang/Class;' in 'java/lang/ClassLoader')}
  0x0000028a63feef78: 7849 b8f0 | 2b9c 788a | 0200 0049 | 8380 9001 | 0000 014c | 8bc0 4c8b | 8c24 9800 | 0000 488b 
  0x0000028a63feef98: 5424 7848 | 8984 24a0 | 0000 000f 

  0x0000028a63feefa4: ;   {optimized virtual_call}
  0x0000028a63feefa4: 1f40 00e8 

  0x0000028a63feefa8: ; ImmutableOopMap {[160]=Oop }
                      ;*invokevirtual postDefineClass {reexecute=0 rethrow=0 return_oop=0}
                      ; - java.lang.ClassLoader::defineClass@37
  0x0000028a63feefa8: f424 f1ff 

  0x0000028a63feefac: ;   {other}
  0x0000028a63feefac: 0f1f 8400 | 9c05 0003 | 488b 8424 | a000 0000 | 4881 c4b0 | 0000 005d 

  0x0000028a63feefc4: ;   {poll_return}
  0x0000028a63feefc4: 493b a748 | 0400 000f | 8799 0000 

  0x0000028a63feefd0: ;   {metadata({method} {0x0000028a78024e38} 'defineClass' '(Ljava/lang/String;[BIILjava/security/ProtectionDomain;)Ljava/lang/Class;' in 'java/lang/ClassLoader')}
  0x0000028a63feefd0: 00c3 49ba | 304e 0278 | 8a02 0000 | 4c89 5424 | 0848 c704 | 24ff ffff 

  0x0000028a63feefe8: ;   {runtime_call counter_overflow Runtime1 stub}
  0x0000028a63feefe8: ffe8 921b 

  0x0000028a63feefec: ; ImmutableOopMap {rdx=Oop r8=Oop r9=Oop rcx=Oop [120]=Oop }
                      ;*synchronization entry
                      ; - java.lang.ClassLoader::defineClass@-1
  0x0000028a63feefec: 3607 e997 

  0x0000028a63feeff0: ;   {metadata({method} {0x0000028a78024c58} 'defineClassSourceLocation' '(Ljava/security/ProtectionDomain;)Ljava/lang/String;' in 'java/lang/ClassLoader')}
  0x0000028a63feeff0: fcff ff49 | ba50 4c02 | 788a 0200 | 004c 8954 | 2408 48c7 | 0424 ffff 

  0x0000028a63fef008: ;   {runtime_call counter_overflow Runtime1 stub}
  0x0000028a63fef008: ffff e871 

  0x0000028a63fef00c: ; ImmutableOopMap {rax=Oop [120]=Oop [128]=Oop [136]=Oop [152]=Oop }
                      ;*synchronization entry
                      ; - java.lang.ClassLoader::defineClassSourceLocation@-1
                      ; - java.lang.ClassLoader::defineClass@12
  0x0000028a63fef00c: 1b36 07e9 | 10fd ffff 

  0x0000028a63fef014: ;   {runtime_call throw_null_pointer_exception Runtime1 stub}
  0x0000028a63fef014: e867 ca35 

  0x0000028a63fef018: ; ImmutableOopMap {rax=Oop [120]=Oop [128]=Oop [136]=Oop [152]=Oop }
                      ;*invokevirtual getCodeSource {reexecute=0 rethrow=0 return_oop=0}
                      ; - java.lang.ClassLoader::defineClassSourceLocation@1
                      ; - java.lang.ClassLoader::defineClass@12
                      ;   {runtime_call throw_null_pointer_exception Runtime1 stub}
  0x0000028a63fef018: 07e8 62ca 

  0x0000028a63fef01c: ; ImmutableOopMap {rax=Oop r8=Oop [120]=Oop [128]=Oop [136]=Oop [152]=Oop }
                      ;*invokevirtual getLocation {reexecute=0 rethrow=0 return_oop=0}
                      ; - java.lang.ClassLoader::defineClassSourceLocation@12
                      ; - java.lang.ClassLoader::defineClass@12
                      ;   {runtime_call throw_null_pointer_exception Runtime1 stub}
  0x0000028a63fef01c: 3507 e85d 

  0x0000028a63fef020: ; ImmutableOopMap {rdx=Oop [120]=Oop [128]=Oop [136]=Oop [152]=Oop }
                      ;*invokevirtual toString {reexecute=0 rethrow=0 return_oop=0}
                      ; - java.lang.ClassLoader::defineClassSourceLocation@22
                      ; - java.lang.ClassLoader::defineClass@12
                      ;   {metadata({method} {0x0000028a780f61a8} 'toString' '()Ljava/lang/String;' in 'java/net/URL')}
  0x0000028a63fef020: ca35 0749 | baa0 610f | 788a 0200 | 004c 8954 | 2408 48c7 | 0424 ffff 

  0x0000028a63fef038: ;   {runtime_call counter_overflow Runtime1 stub}
  0x0000028a63fef038: ffff e841 

  0x0000028a63fef03c: ; ImmutableOopMap {rdx=Oop [120]=Oop [128]=Oop [136]=Oop [152]=Oop }
                      ;*synchronization entry
                      ; - java.net.URL::toString@-1
                      ; - java.lang.ClassLoader::defineClassSourceLocation@22
                      ; - java.lang.ClassLoader::defineClass@12
  0x0000028a63fef03c: 1b36 07e9 | e7fd ffff 

  0x0000028a63fef044: ;   {metadata({method} {0x0000028a780f6260} 'toExternalForm' '()Ljava/lang/String;' in 'java/net/URL')}
  0x0000028a63fef044: 49ba 5862 | 0f78 8a02 | 0000 4c89 | 5424 0848 | c704 24ff 

  0x0000028a63fef058: ;   {runtime_call counter_overflow Runtime1 stub}
  0x0000028a63fef058: ffff ffe8 

  0x0000028a63fef05c: ; ImmutableOopMap {rdx=Oop [120]=Oop [128]=Oop [136]=Oop [152]=Oop }
                      ;*synchronization entry
                      ; - java.net.URL::toExternalForm@-1
                      ; - java.net.URL::toString@1
                      ; - java.lang.ClassLoader::defineClassSourceLocation@22
                      ; - java.lang.ClassLoader::defineClass@12
  0x0000028a63fef05c: 201b 3607 | e904 feff 

  0x0000028a63fef064: ;   {runtime_call throw_null_pointer_exception Runtime1 stub}
  0x0000028a63fef064: ffe8 16ca 

  0x0000028a63fef068: ; ImmutableOopMap {rdx=Oop rsi=Oop [120]=Oop [128]=Oop [136]=Oop [152]=Oop }
                      ;*invokevirtual toExternalForm {reexecute=0 rethrow=0 return_oop=0}
                      ; - java.net.URL::toExternalForm@5
                      ; - java.net.URL::toString@1
                      ; - java.lang.ClassLoader::defineClassSourceLocation@22
                      ; - java.lang.ClassLoader::defineClass@12
                      ;   {internal_word}
  0x0000028a63fef068: 3507 49ba | c4ef fe63 | 8a02 0000 | 4d89 9760 

  0x0000028a63fef078: ;   {runtime_call SafepointBlob}
  0x0000028a63fef078: 0400 00e9 | 8066 2a07 | 498b 87f8 | 0400 0049 | c787 f804 | 0000 0000 | 0000 49c7 | 8700 0500 
  0x0000028a63fef098: 0000 0000 | 0048 81c4 | b000 0000 

  0x0000028a63fef0a4: ;   {runtime_call unwind_exception Runtime1 stub}
  0x0000028a63fef0a4: 5de9 d6ba | 3507 f4f4 | f4f4 f4f4 
[Stub Code]
  0x0000028a63fef0b0: ;   {no_reloc}
  0x0000028a63fef0b0: 0f1f 4400 

  0x0000028a63fef0b4: ;   {static_stub}
  0x0000028a63fef0b4: 0048 bb00 | 0000 0000 

  0x0000028a63fef0bc: ;   {runtime_call nmethod}
  0x0000028a63fef0bc: 0000 00e9 | fbff ffff 

  0x0000028a63fef0c4: ;   {static_stub}
  0x0000028a63fef0c4: 48bb 0000 | 0000 0000 

  0x0000028a63fef0cc: ;   {runtime_call nmethod}
  0x0000028a63fef0cc: 0000 e9fb 

  0x0000028a63fef0d0: ;   {static_stub}
  0x0000028a63fef0d0: ffff ff48 | bb00 0000 | 0000 0000 

  0x0000028a63fef0dc: ;   {runtime_call nmethod}
  0x0000028a63fef0dc: 00e9 fbff 

  0x0000028a63fef0e0: ;   {static_stub}
  0x0000028a63fef0e0: ffff 48bb | 0000 0000 | 0000 0000 

  0x0000028a63fef0ec: ;   {runtime_call nmethod}
  0x0000028a63fef0ec: e9fb ffff 

  0x0000028a63fef0f0: ;   {runtime_call handle_exception_from_callee Runtime1 stub}
  0x0000028a63fef0f0: ffe8 8ae7 

  0x0000028a63fef0f4: ;   {external_word}
  0x0000028a63fef0f4: 3507 48b9 | 50de c9d5 | fa7f 0000 | 4883 e4f0 

  0x0000028a63fef104: ;   {runtime_call}
  0x0000028a63fef104: 48b8 b079 | 98d5 fa7f | 0000 ffd0 

  0x0000028a63fef110: ;   {section_word}
  0x0000028a63fef110: f449 ba11 | f1fe 638a | 0200 0041 

  0x0000028a63fef11c: ;   {runtime_call DeoptimizationBlob}
  0x0000028a63fef11c: 52e9 7e58 | 2a07 f4f4 | f4f4 f4f4 
[/MachCode]


Compiled method (c1) 4451 1126       3       java.security.SecureClassLoader::defineClass (16 bytes)
 total in heap  [0x0000028a63ef1d10,0x0000028a63ef2110] = 1024
 relocation     [0x0000028a63ef1e70,0x0000028a63ef1ec0] = 80
 main code      [0x0000028a63ef1ec0,0x0000028a63ef2018] = 344
 stub code      [0x0000028a63ef2018,0x0000028a63ef2068] = 80
 metadata       [0x0000028a63ef2068,0x0000028a63ef2070] = 8
 scopes data    [0x0000028a63ef2070,0x0000028a63ef20b8] = 72
 scopes pcs     [0x0000028a63ef20b8,0x0000028a63ef2108] = 80
 dependencies   [0x0000028a63ef2108,0x0000028a63ef2110] = 8

[Constant Pool (empty)]

[MachCode]
[Entry Point]
  # {method} {0x0000028a7803d670} 'defineClass' '(Ljava/lang/String;[BIILjava/security/CodeSource;)Ljava/lang/Class;' in 'java/security/SecureClassLoader'
  # this:     rdx:rdx   = 'java/security/SecureClassLoader'
  # parm0:    r8:r8     = 'java/lang/String'
  # parm1:    r9:r9     = '[B'
  # parm2:    rdi       = int
  # parm3:    rsi       = int
  # parm4:    rcx:rcx   = 'java/security/CodeSource'
  #           [sp+0x80]  (sp of caller)
  0x0000028a63ef1ec0: 448b 5208 | 49c1 e203 

  0x0000028a63ef1ec8: ;   {runtime_call ic_miss_stub}
  0x0000028a63ef1ec8: 4c3b d00f | 85af c839 | 0766 6666 | 0f1f 8400 | 0000 0000 | 6666 6690 
[Verified Entry Point]
  0x0000028a63ef1ee0: 8984 2400 | 80ff ff55 | 4883 ec70 | 4181 7f20 | 0300 0000 

  0x0000028a63ef1ef4: ;   {runtime_call StubRoutines (final stubs)}
  0x0000028a63ef1ef4: 7405 e825 

  0x0000028a63ef1ef8: ;   {metadata(method data for {method} {0x0000028a7803d670} 'defineClass' '(Ljava/lang/String;[BIILjava/security/CodeSource;)Ljava/lang/Class;' in 'java/security/SecureClassLoader')}
  0x0000028a63ef1ef8: 7c38 0748 | bb70 c39a | 788a 0200 | 008b 83cc | 0000 0083 | c002 8983 | cc00 0000 | 25fe 0700 
  0x0000028a63ef1f18: 0085 c00f | 8496 0000 | 0089 7424 | 5c89 7c24 | 584c 894c | 2450 4c89 | 4424 4848 

  0x0000028a63ef1f34: ;   {metadata(method data for {method} {0x0000028a7803d670} 'defineClass' '(Ljava/lang/String;[BIILjava/security/CodeSource;)Ljava/lang/Class;' in 'java/security/SecureClassLoader')}
  0x0000028a63ef1f34: 8bda 48b8 | 70c3 9a78 | 8a02 0000 | 4883 8010 | 0100 0001 | 4c8b c148 | 8bc2 488b | d048 8944 
  0x0000028a63ef1f54: ;   {optimized virtual_call}
  0x0000028a63ef1f54: 2440 90e8 

  0x0000028a63ef1f58: ; ImmutableOopMap {[64]=Oop [72]=Oop [80]=Oop }
                      ;*invokevirtual getProtectionDomain {reexecute=0 rethrow=0 return_oop=0}
                      ; - java.security.SecureClassLoader::defineClass@9
  0x0000028a63ef1f58: 44c2 0f00 

  0x0000028a63ef1f5c: ;   {other}
  0x0000028a63ef1f5c: 0f1f 8400 | 4c02 0000 | 488b 5424 

  0x0000028a63ef1f68: ;   {metadata(method data for {method} {0x0000028a7803d670} 'defineClass' '(Ljava/lang/String;[BIILjava/security/CodeSource;)Ljava/lang/Class;' in 'java/security/SecureClassLoader')}
  0x0000028a63ef1f68: 4049 b870 | c39a 788a | 0200 0049 | 8380 4801 | 0000 014c | 8b44 2448 | 4c8b 4c24 | 508b 7c24 
  0x0000028a63ef1f88: 588b 7424 | 5c48 8bc8 | 488b 5424 

  0x0000028a63ef1f94: ;   {optimized virtual_call}
  0x0000028a63ef1f94: 4066 90e8 

  0x0000028a63ef1f98: ; ImmutableOopMap {}
                      ;*invokevirtual defineClass {reexecute=0 rethrow=0 return_oop=0}
                      ; - java.security.SecureClassLoader::defineClass@12
  0x0000028a63ef1f98: a4cc 0f00 

  0x0000028a63ef1f9c: ;   {other}
  0x0000028a63ef1f9c: 0f1f 8400 | 8c02 0001 | 4883 c470 

  0x0000028a63ef1fa8: ;   {poll_return}
  0x0000028a63ef1fa8: 5d49 3ba7 | 4804 0000 | 0f87 2200 

  0x0000028a63ef1fb4: ;   {metadata({method} {0x0000028a7803d670} 'defineClass' '(Ljava/lang/String;[BIILjava/security/CodeSource;)Ljava/lang/Class;' in 'java/security/SecureClassLoader')}
  0x0000028a63ef1fb4: 0000 c349 | ba68 d603 | 788a 0200 | 004c 8954 | 2408 48c7 | 0424 ffff 

  0x0000028a63ef1fcc: ;   {runtime_call counter_overflow Runtime1 stub}
  0x0000028a63ef1fcc: ffff e8ad 

  0x0000028a63ef1fd0: ; ImmutableOopMap {rdx=Oop r8=Oop r9=Oop rcx=Oop }
                      ;*synchronization entry
                      ; - java.security.SecureClassLoader::defineClass@-1
  0x0000028a63ef1fd0: eb45 07e9 | 49ff ffff 

  0x0000028a63ef1fd8: ;   {internal_word}
  0x0000028a63ef1fd8: 49ba a91f | ef63 8a02 | 0000 4d89 | 9760 0400 

  0x0000028a63ef1fe8: ;   {runtime_call SafepointBlob}
  0x0000028a63ef1fe8: 00e9 1237 | 3a07 498b | 87f8 0400 | 0049 c787 | f804 0000 | 0000 0000 | 49c7 8700 | 0500 0000 
  0x0000028a63ef2008: 0000 0048 | 83c4 705d 

  0x0000028a63ef2010: ;   {runtime_call unwind_exception Runtime1 stub}
  0x0000028a63ef2010: e96b 8b45 | 07f4 f4f4 
[Stub Code]
  0x0000028a63ef2018: ;   {no_reloc}
  0x0000028a63ef2018: 48bb a0d8 | 0378 8a02 

  0x0000028a63ef2020: ;   {runtime_call I2C/C2I adapters}
  0x0000028a63ef2020: 0000 e9b7 

  0x0000028a63ef2024: ;   {static_stub}
  0x0000028a63ef2024: 213a 0748 | bb30 4e02 | 788a 0200 

  0x0000028a63ef2030: ;   {runtime_call I2C/C2I adapters}
  0x0000028a63ef2030: 00e9 b6f5 

  0x0000028a63ef2034: ;   {runtime_call handle_exception_from_callee Runtime1 stub}
  0x0000028a63ef2034: 3807 e845 

  0x0000028a63ef2038: ;   {external_word}
  0x0000028a63ef2038: b845 0748 | b950 dec9 | d5fa 7f00 | 0048 83e4 

  0x0000028a63ef2048: ;   {runtime_call}
  0x0000028a63ef2048: f048 b8b0 | 7998 d5fa | 7f00 00ff 

  0x0000028a63ef2054: ;   {section_word}
  0x0000028a63ef2054: d0f4 49ba | 5620 ef63 | 8a02 0000 

  0x0000028a63ef2060: ;   {runtime_call DeoptimizationBlob}
  0x0000028a63ef2060: 4152 e939 | 293a 07f4 
[/MachCode]


---------------  P R O C E S S  ---------------

Threads class SMR info:
_java_thread_list=0x0000028a7e67c800, length=27, elements={
0x0000028a5e864cb0, 0x0000028a7c0f81a0, 0x0000028a7c0fb3a0, 0x0000028a7c0e3420,
0x0000028a7c0fccf0, 0x0000028a7c0e4910, 0x0000028a7c0e6280, 0x0000028a7c107560,
0x0000028a7c10d320, 0x0000028a7c29cfa0, 0x0000028a7c3fb3d0, 0x0000028a7dce4cc0,
0x0000028a7dd1b2d0, 0x0000028a7de18260, 0x0000028a7de12800, 0x0000028a7de13a40,
0x0000028a7dfd2670, 0x0000028a7dffd650, 0x0000028a7dfcb350, 0x0000028a7cec9d10,
0x0000028a7cec9680, 0x0000028a7cecaa30, 0x0000028a7cecb0c0, 0x0000028a7ceca3a0,
0x0000028a7cecbde0, 0x0000028a7e2b7950, 0x0000028a7e2b65a0
}

Java Threads: ( => current thread )
  0x0000028a5e864cb0 JavaThread "main"                              [_thread_blocked, id=1360, stack(0x000000fdbad00000,0x000000fdbae00000) (1024K)]
  0x0000028a7c0f81a0 JavaThread "Reference Handler"          daemon [_thread_blocked, id=11496, stack(0x000000fdbb500000,0x000000fdbb600000) (1024K)]
  0x0000028a7c0fb3a0 JavaThread "Finalizer"                  daemon [_thread_blocked, id=3388, stack(0x000000fdbb600000,0x000000fdbb700000) (1024K)]
  0x0000028a7c0e3420 JavaThread "Signal Dispatcher"          daemon [_thread_blocked, id=8852, stack(0x000000fdbb700000,0x000000fdbb800000) (1024K)]
  0x0000028a7c0fccf0 JavaThread "Attach Listener"            daemon [_thread_blocked, id=9484, stack(0x000000fdbb800000,0x000000fdbb900000) (1024K)]
  0x0000028a7c0e4910 JavaThread "Service Thread"             daemon [_thread_blocked, id=8400, stack(0x000000fdbb900000,0x000000fdbba00000) (1024K)]
  0x0000028a7c0e6280 JavaThread "Monitor Deflation Thread"   daemon [_thread_blocked, id=15280, stack(0x000000fdbba00000,0x000000fdbbb00000) (1024K)]
  0x0000028a7c107560 JavaThread "C2 CompilerThread0"         daemon [_thread_blocked, id=9124, stack(0x000000fdbbb00000,0x000000fdbbc00000) (1024K)]
  0x0000028a7c10d320 JavaThread "C1 CompilerThread0"         daemon [_thread_blocked, id=6176, stack(0x000000fdbbc00000,0x000000fdbbd00000) (1024K)]
  0x0000028a7c29cfa0 JavaThread "Common-Cleaner"             daemon [_thread_blocked, id=2920, stack(0x000000fdbbd00000,0x000000fdbbe00000) (1024K)]
  0x0000028a7c3fb3d0 JavaThread "Notification Thread"        daemon [_thread_blocked, id=16996, stack(0x000000fdbbe00000,0x000000fdbbf00000) (1024K)]
  0x0000028a7dce4cc0 JavaThread "Daemon health stats"               [_thread_blocked, id=10092, stack(0x000000fdbbf00000,0x000000fdbc000000) (1024K)]
  0x0000028a7dd1b2d0 JavaThread "Incoming local TCP Connector on port 59111"        [_thread_in_native, id=17348, stack(0x000000fdbc600000,0x000000fdbc700000) (1024K)]
  0x0000028a7de18260 JavaThread "Daemon periodic checks"            [_thread_blocked, id=15484, stack(0x000000fdbc700000,0x000000fdbc800000) (1024K)]
  0x0000028a7de12800 JavaThread "Daemon"                            [_thread_blocked, id=8224, stack(0x000000fdbc800000,0x000000fdbc900000) (1024K)]
  0x0000028a7de13a40 JavaThread "Handler for socket connection from /127.0.0.1:59111 to /127.0.0.1:59112"        [_thread_in_native, id=13204, stack(0x000000fdbc900000,0x000000fdbca00000) (1024K)]
  0x0000028a7dfd2670 JavaThread "Cancel handler"                    [_thread_blocked, id=6000, stack(0x000000fdbca00000,0x000000fdbcb00000) (1024K)]
=>0x0000028a7dffd650 JavaThread "Daemon worker"                     [_thread_in_vm, id=14684, stack(0x000000fdbcb00000,0x000000fdbcc00000) (1024K)]
  0x0000028a7dfcb350 JavaThread "Asynchronous log dispatcher for DefaultDaemonConnection: socket connection from /127.0.0.1:59111 to /127.0.0.1:59112"        [_thread_blocked, id=1972, stack(0x000000fdbcc00000,0x000000fdbcd00000) (1024K)]
  0x0000028a7cec9d10 JavaThread "Stdin handler"                     [_thread_blocked, id=1668, stack(0x000000fdbcd00000,0x000000fdbce00000) (1024K)]
  0x0000028a7cec9680 JavaThread "Daemon client event forwarder"        [_thread_blocked, id=6976, stack(0x000000fdbce00000,0x000000fdbcf00000) (1024K)]
  0x0000028a7cecaa30 JavaThread "Cache worker for journal cache (C:\Users\DELL\.gradle\caches\journal-1)"        [_thread_blocked, id=8908, stack(0x000000fdbd000000,0x000000fdbd100000) (1024K)]
  0x0000028a7cecb0c0 JavaThread "File lock request listener"        [_thread_in_native, id=1504, stack(0x000000fdbd100000,0x000000fdbd200000) (1024K)]
  0x0000028a7ceca3a0 JavaThread "Cache worker for file hash cache (C:\Users\DELL\.gradle\caches\8.11.1\fileHashes)"        [_thread_blocked, id=10280, stack(0x000000fdbd200000,0x000000fdbd300000) (1024K)]
  0x0000028a7cecbde0 JavaThread "Cache worker for file content cache (C:\Users\DELL\.gradle\caches\8.11.1\fileContent)"        [_thread_blocked, id=744, stack(0x000000fdbd300000,0x000000fdbd400000) (1024K)]
  0x0000028a7e2b7950 JavaThread "Cache worker for file hash cache (C:\Users\DELL\Documents\GitHub\CP213_LearnAndroid\Lab\.gradle\8.11.1\fileHashes)"        [_thread_blocked, id=14228, stack(0x000000fdbc500000,0x000000fdbc600000) (1024K)]
  0x0000028a7e2b65a0 JavaThread "Cache worker for Build Output Cleanup Cache (C:\Users\DELL\Documents\GitHub\CP213_LearnAndroid\Lab\.gradle\buildOutputCleanup)"        [_thread_blocked, id=11700, stack(0x000000fdbd400000,0x000000fdbd500000) (1024K)]
Total: 27

Other Threads:
  0x0000028a7c039f10 VMThread "VM Thread"                           [id=10588, stack(0x000000fdbb400000,0x000000fdbb500000) (1024K)]
  0x0000028a77e74420 WatcherThread "VM Periodic Task Thread"        [id=1648, stack(0x000000fdbb300000,0x000000fdbb400000) (1024K)]
  0x0000028a60c14630 WorkerThread "GC Thread#0"                     [id=12664, stack(0x000000fdbae00000,0x000000fdbaf00000) (1024K)]
  0x0000028a7c5d2d80 WorkerThread "GC Thread#1"                     [id=3884, stack(0x000000fdbc000000,0x000000fdbc100000) (1024K)]
  0x0000028a7c7a08e0 WorkerThread "GC Thread#2"                     [id=17212, stack(0x000000fdbc100000,0x000000fdbc200000) (1024K)]
  0x0000028a7c7a0c80 WorkerThread "GC Thread#3"                     [id=12552, stack(0x000000fdbc200000,0x000000fdbc300000) (1024K)]
  0x0000028a7c677440 WorkerThread "GC Thread#4"                     [id=9128, stack(0x000000fdbc300000,0x000000fdbc400000) (1024K)]
  0x0000028a7c6777e0 WorkerThread "GC Thread#5"                     [id=14840, stack(0x000000fdbc400000,0x000000fdbc500000) (1024K)]
  0x0000028a60c26360 ConcurrentGCThread "G1 Main Marker"            [id=16792, stack(0x000000fdbaf00000,0x000000fdbb000000) (1024K)]
  0x0000028a60c26d70 WorkerThread "G1 Conc#0"                       [id=13372, stack(0x000000fdbb000000,0x000000fdbb100000) (1024K)]
  0x0000028a7df1a8b0 WorkerThread "G1 Conc#1"                       [id=7324, stack(0x000000fdbcf00000,0x000000fdbd000000) (1024K)]
  0x0000028a60c7e920 ConcurrentGCThread "G1 Refine#0"               [id=3936, stack(0x000000fdbb100000,0x000000fdbb200000) (1024K)]
  0x0000028a77d466b0 ConcurrentGCThread "G1 Service"                [id=8944, stack(0x000000fdbb200000,0x000000fdbb300000) (1024K)]
Total: 13

Threads with active compile tasks:
Total: 0

VM state: not at safepoint (normal execution)

VM Mutex/Monitor currently owned by a thread:  ([mutex/lock_event])
[0x00007ffad5f0c1a0] Metaspace_lock - owner thread: 0x0000028a7dffd650

Heap address: 0x0000000080000000, size: 2048 MB, Compressed Oops mode: 32-bit

CDS archive(s) not mapped
Compressed class space mapped at: 0x0000000100000000-0x0000000140000000, reserved size: 1073741824
Narrow klass base: 0x0000000000000000, Narrow klass shift: 3, Narrow klass range: 0x140000000

GC Precious Log:
 CardTable entry size: 512
 Card Set container configuration: InlinePtr #cards 5 size 8 Array Of Cards #cards 12 size 40 Howl #buckets 4 coarsen threshold 1843 Howl Bitmap #cards 512 size 80 coarsen threshold 460 Card regions per heap region 1 cards per card region 2048
 CPUs: 6 total, 6 available
 Memory: 16207M
 Large Page Support: Disabled
 NUMA Support: Disabled
 Compressed Oops: Enabled (32-bit)
 Heap Region Size: 1M
 Heap Min Capacity: 8M
 Heap Initial Capacity: 254M
 Heap Max Capacity: 2G
 Pre-touch: Disabled
 Parallel Workers: 6
 Concurrent Workers: 2
 Concurrent Refinement Workers: 6
 Periodic GC: Disabled

Heap:
 garbage-first heap   total 71680K, used 31209K [0x0000000080000000, 0x0000000100000000)
  region size 1024K, 13 young (13312K), 5 survivors (5120K)
 Metaspace       used 32594K, committed 33344K, reserved 1114112K
  class space    used 4291K, committed 4672K, reserved 1048576K

Heap Regions: E=young(eden), S=young(survivor), O=old, HS=humongous(starts), HC=humongous(continues), CS=collection set, F=free, TAMS=top-at-mark-start, PB=parsable bottom
|   0|0x0000000080000000, 0x0000000080100000, 0x0000000080100000|100%|HS|  |TAMS 0x0000000080000000| PB 0x0000000080000000| Complete 
|   1|0x0000000080100000, 0x0000000080200000, 0x0000000080200000|100%|HC|  |TAMS 0x0000000080100000| PB 0x0000000080100000| Complete 
|   2|0x0000000080200000, 0x0000000080300000, 0x0000000080300000|100%|HC|  |TAMS 0x0000000080200000| PB 0x0000000080200000| Complete 
|   3|0x0000000080300000, 0x0000000080400000, 0x0000000080400000|100%| O|  |TAMS 0x0000000080300000| PB 0x0000000080300000| Untracked 
|   4|0x0000000080400000, 0x0000000080500000, 0x0000000080500000|100%| O|  |TAMS 0x0000000080400000| PB 0x0000000080400000| Untracked 
|   5|0x0000000080500000, 0x0000000080600000, 0x0000000080600000|100%|HS|  |TAMS 0x0000000080500000| PB 0x0000000080500000| Complete 
|   6|0x0000000080600000, 0x0000000080700000, 0x0000000080700000|100%| O|  |TAMS 0x0000000080600000| PB 0x0000000080600000| Untracked 
|   7|0x0000000080700000, 0x0000000080800000, 0x0000000080800000|100%| O|  |TAMS 0x0000000080700000| PB 0x0000000080700000| Untracked 
|   8|0x0000000080800000, 0x0000000080900000, 0x0000000080900000|100%| O|  |TAMS 0x0000000080800000| PB 0x0000000080800000| Untracked 
|   9|0x0000000080900000, 0x0000000080a00000, 0x0000000080a00000|100%| O|  |TAMS 0x0000000080900000| PB 0x0000000080900000| Untracked 
|  10|0x0000000080a00000, 0x0000000080b00000, 0x0000000080b00000|100%| O|  |TAMS 0x0000000080a00000| PB 0x0000000080a00000| Untracked 
|  11|0x0000000080b00000, 0x0000000080c00000, 0x0000000080c00000|100%| O|  |TAMS 0x0000000080b00000| PB 0x0000000080b00000| Untracked 
|  12|0x0000000080c00000, 0x0000000080c00000, 0x0000000080d00000|  0%| F|  |TAMS 0x0000000080c00000| PB 0x0000000080c00000| Untracked 
|  13|0x0000000080d00000, 0x0000000080e00000, 0x0000000080e00000|100%| O|  |TAMS 0x0000000080d00000| PB 0x0000000080d00000| Untracked 
|  14|0x0000000080e00000, 0x0000000080f00000, 0x0000000080f00000|100%| O|  |TAMS 0x0000000080e00000| PB 0x0000000080e00000| Untracked 
|  15|0x0000000080f00000, 0x0000000081000000, 0x0000000081000000|100%| O|  |TAMS 0x0000000080f00000| PB 0x0000000080f00000| Untracked 
|  16|0x0000000081000000, 0x0000000081100000, 0x0000000081100000|100%| O|  |TAMS 0x0000000081000000| PB 0x0000000081000000| Untracked 
|  17|0x0000000081100000, 0x0000000081200000, 0x0000000081200000|100%| O|  |TAMS 0x0000000081100000| PB 0x0000000081100000| Untracked 
|  18|0x0000000081200000, 0x0000000081300000, 0x0000000081300000|100%| O|  |TAMS 0x0000000081200000| PB 0x0000000081200000| Untracked 
|  19|0x0000000081300000, 0x0000000081400000, 0x0000000081400000|100%| O|  |TAMS 0x0000000081300000| PB 0x0000000081300000| Untracked 
|  20|0x0000000081400000, 0x00000000814235a8, 0x0000000081500000| 13%| O|  |TAMS 0x0000000081400000| PB 0x0000000081400000| Untracked 
|  21|0x0000000081500000, 0x0000000081500000, 0x0000000081600000|  0%| F|  |TAMS 0x0000000081500000| PB 0x0000000081500000| Untracked 
|  22|0x0000000081600000, 0x0000000081600000, 0x0000000081700000|  0%| F|  |TAMS 0x0000000081600000| PB 0x0000000081600000| Untracked 
|  23|0x0000000081700000, 0x0000000081700000, 0x0000000081800000|  0%| F|  |TAMS 0x0000000081700000| PB 0x0000000081700000| Untracked 
|  24|0x0000000081800000, 0x0000000081800000, 0x0000000081900000|  0%| F|  |TAMS 0x0000000081800000| PB 0x0000000081800000| Untracked 
|  25|0x0000000081900000, 0x0000000081900000, 0x0000000081a00000|  0%| F|  |TAMS 0x0000000081900000| PB 0x0000000081900000| Untracked 
|  26|0x0000000081a00000, 0x0000000081a00000, 0x0000000081b00000|  0%| F|  |TAMS 0x0000000081a00000| PB 0x0000000081a00000| Untracked 
|  27|0x0000000081b00000, 0x0000000081b00000, 0x0000000081c00000|  0%| F|  |TAMS 0x0000000081b00000| PB 0x0000000081b00000| Untracked 
|  28|0x0000000081c00000, 0x0000000081c00000, 0x0000000081d00000|  0%| F|  |TAMS 0x0000000081c00000| PB 0x0000000081c00000| Untracked 
|  29|0x0000000081d00000, 0x0000000081d00000, 0x0000000081e00000|  0%| F|  |TAMS 0x0000000081d00000| PB 0x0000000081d00000| Untracked 
|  30|0x0000000081e00000, 0x0000000081e00000, 0x0000000081f00000|  0%| F|  |TAMS 0x0000000081e00000| PB 0x0000000081e00000| Untracked 
|  31|0x0000000081f00000, 0x0000000081f00000, 0x0000000082000000|  0%| F|  |TAMS 0x0000000081f00000| PB 0x0000000081f00000| Untracked 
|  32|0x0000000082000000, 0x0000000082056e60, 0x0000000082100000| 33%| S|CS|TAMS 0x0000000082000000| PB 0x0000000082000000| Complete 
|  33|0x0000000082100000, 0x0000000082200000, 0x0000000082200000|100%| S|CS|TAMS 0x0000000082100000| PB 0x0000000082100000| Complete 
|  34|0x0000000082200000, 0x0000000082300000, 0x0000000082300000|100%| S|CS|TAMS 0x0000000082200000| PB 0x0000000082200000| Complete 
|  35|0x0000000082300000, 0x0000000082400000, 0x0000000082400000|100%| S|CS|TAMS 0x0000000082300000| PB 0x0000000082300000| Complete 
|  36|0x0000000082400000, 0x0000000082500000, 0x0000000082500000|100%| S|CS|TAMS 0x0000000082400000| PB 0x0000000082400000| Complete 
|  37|0x0000000082500000, 0x0000000082500000, 0x0000000082600000|  0%| F|  |TAMS 0x0000000082500000| PB 0x0000000082500000| Untracked 
|  38|0x0000000082600000, 0x0000000082600000, 0x0000000082700000|  0%| F|  |TAMS 0x0000000082600000| PB 0x0000000082600000| Untracked 
|  39|0x0000000082700000, 0x0000000082700000, 0x0000000082800000|  0%| F|  |TAMS 0x0000000082700000| PB 0x0000000082700000| Untracked 
|  40|0x0000000082800000, 0x0000000082800000, 0x0000000082900000|  0%| F|  |TAMS 0x0000000082800000| PB 0x0000000082800000| Untracked 
|  41|0x0000000082900000, 0x0000000082900000, 0x0000000082a00000|  0%| F|  |TAMS 0x0000000082900000| PB 0x0000000082900000| Untracked 
|  42|0x0000000082a00000, 0x0000000082a00000, 0x0000000082b00000|  0%| F|  |TAMS 0x0000000082a00000| PB 0x0000000082a00000| Untracked 
|  43|0x0000000082b00000, 0x0000000082b00000, 0x0000000082c00000|  0%| F|  |TAMS 0x0000000082b00000| PB 0x0000000082b00000| Untracked 
|  44|0x0000000082c00000, 0x0000000082c00000, 0x0000000082d00000|  0%| F|  |TAMS 0x0000000082c00000| PB 0x0000000082c00000| Untracked 
|  45|0x0000000082d00000, 0x0000000082d00000, 0x0000000082e00000|  0%| F|  |TAMS 0x0000000082d00000| PB 0x0000000082d00000| Untracked 
|  46|0x0000000082e00000, 0x0000000082e00000, 0x0000000082f00000|  0%| F|  |TAMS 0x0000000082e00000| PB 0x0000000082e00000| Untracked 
|  47|0x0000000082f00000, 0x0000000082f00000, 0x0000000083000000|  0%| F|  |TAMS 0x0000000082f00000| PB 0x0000000082f00000| Untracked 
|  48|0x0000000083000000, 0x0000000083000000, 0x0000000083100000|  0%| F|  |TAMS 0x0000000083000000| PB 0x0000000083000000| Untracked 
|  49|0x0000000083100000, 0x0000000083100000, 0x0000000083200000|  0%| F|  |TAMS 0x0000000083100000| PB 0x0000000083100000| Untracked 
|  50|0x0000000083200000, 0x0000000083200000, 0x0000000083300000|  0%| F|  |TAMS 0x0000000083200000| PB 0x0000000083200000| Untracked 
|  51|0x0000000083300000, 0x0000000083300000, 0x0000000083400000|  0%| F|  |TAMS 0x0000000083300000| PB 0x0000000083300000| Untracked 
|  52|0x0000000083400000, 0x0000000083400000, 0x0000000083500000|  0%| F|  |TAMS 0x0000000083400000| PB 0x0000000083400000| Untracked 
|  53|0x0000000083500000, 0x0000000083500000, 0x0000000083600000|  0%| F|  |TAMS 0x0000000083500000| PB 0x0000000083500000| Untracked 
|  54|0x0000000083600000, 0x0000000083600000, 0x0000000083700000|  0%| F|  |TAMS 0x0000000083600000| PB 0x0000000083600000| Untracked 
|  55|0x0000000083700000, 0x0000000083700000, 0x0000000083800000|  0%| F|  |TAMS 0x0000000083700000| PB 0x0000000083700000| Untracked 
|  56|0x0000000083800000, 0x0000000083800000, 0x0000000083900000|  0%| F|  |TAMS 0x0000000083800000| PB 0x0000000083800000| Untracked 
|  57|0x0000000083900000, 0x0000000083900000, 0x0000000083a00000|  0%| F|  |TAMS 0x0000000083900000| PB 0x0000000083900000| Untracked 
|  58|0x0000000083a00000, 0x0000000083a00000, 0x0000000083b00000|  0%| F|  |TAMS 0x0000000083a00000| PB 0x0000000083a00000| Untracked 
|  59|0x0000000083b00000, 0x0000000083b00000, 0x0000000083c00000|  0%| F|  |TAMS 0x0000000083b00000| PB 0x0000000083b00000| Untracked 
| 216|0x000000008d800000, 0x000000008d800000, 0x000000008d900000|  0%| F|  |TAMS 0x000000008d800000| PB 0x000000008d800000| Untracked 
| 217|0x000000008d900000, 0x000000008d900000, 0x000000008da00000|  0%| F|  |TAMS 0x000000008d900000| PB 0x000000008d900000| Untracked 
| 218|0x000000008da00000, 0x000000008da70f28, 0x000000008db00000| 44%| E|  |TAMS 0x000000008da00000| PB 0x000000008da00000| Complete 
| 219|0x000000008db00000, 0x000000008dc00000, 0x000000008dc00000|100%| E|CS|TAMS 0x000000008db00000| PB 0x000000008db00000| Complete 
| 220|0x000000008dc00000, 0x000000008dd00000, 0x000000008dd00000|100%| E|CS|TAMS 0x000000008dc00000| PB 0x000000008dc00000| Complete 
| 221|0x000000008dd00000, 0x000000008de00000, 0x000000008de00000|100%| E|CS|TAMS 0x000000008dd00000| PB 0x000000008dd00000| Complete 
| 222|0x000000008de00000, 0x000000008df00000, 0x000000008df00000|100%| E|CS|TAMS 0x000000008de00000| PB 0x000000008de00000| Complete 
| 223|0x000000008df00000, 0x000000008e000000, 0x000000008e000000|100%| E|CS|TAMS 0x000000008df00000| PB 0x000000008df00000| Complete 
| 224|0x000000008e000000, 0x000000008e100000, 0x000000008e100000|100%| E|CS|TAMS 0x000000008e000000| PB 0x000000008e000000| Complete 
| 253|0x000000008fd00000, 0x000000008fe00000, 0x000000008fe00000|100%| E|CS|TAMS 0x000000008fd00000| PB 0x000000008fd00000| Complete 

Card table byte_map: [0x0000028a73220000,0x0000028a73620000] _byte_map_base: 0x0000028a72e20000

Marking Bits: (CMBitMap*) 0x0000028a60c14c40
 Bits: [0x0000028a73620000, 0x0000028a75620000)

Polling page: 0x0000028a5ea20000

Metaspace:

Usage:
  Non-class:     27.64 MB used.
      Class:      4.19 MB used.
       Both:     31.83 MB used.

Virtual space:
  Non-class space:       64.00 MB reserved,      28.00 MB ( 44%) committed,  1 nodes.
      Class space:        1.00 GB reserved,       4.56 MB ( <1%) committed,  1 nodes.
             Both:        1.06 GB reserved,      32.56 MB (  3%) committed. 

Chunk freelists:
   Non-Class:  3.17 MB
       Class:  11.44 MB
        Both:  14.61 MB

MaxMetaspaceSize: unlimited
CompressedClassSpaceSize: 1.00 GB
Initial GC threshold: 21.00 MB
Current GC threshold: 35.12 MB
CDS: off
 - commit_granule_bytes: 65536.
 - commit_granule_words: 8192.
 - virtual_space_node_default_size: 8388608.
 - enlarge_chunks_in_place: 1.
 - use_allocation_guard: 0.


Internal statistics:

num_allocs_failed_limit: 3.
num_arena_births: 1254.
num_arena_deaths: 0.
num_vsnodes_births: 2.
num_vsnodes_deaths: 0.
num_space_committed: 521.
num_space_uncommitted: 0.
num_chunks_returned_to_freelist: 3.
num_chunks_taken_from_freelist: 2249.
num_chunk_merges: 3.
num_chunk_splits: 1449.
num_chunks_enlarged: 937.
num_inconsistent_stats: 0.

CodeHeap 'non-profiled nmethods': size=120000Kb used=1738Kb max_used=1738Kb free=118261Kb
 bounds [0x0000028a6b7e0000, 0x0000028a6ba50000, 0x0000028a72d10000]
CodeHeap 'profiled nmethods': size=120000Kb used=6327Kb max_used=6327Kb free=113672Kb
 bounds [0x0000028a63d10000, 0x0000028a64340000, 0x0000028a6b240000]
CodeHeap 'non-nmethods': size=5760Kb used=1476Kb max_used=1557Kb free=4283Kb
 bounds [0x0000028a6b240000, 0x0000028a6b4b0000, 0x0000028a6b7e0000]
 total_blobs=3773 nmethods=3198 adapters=479
 compilation: enabled
              stopped_count=0, restarted_count=0
 full_count=0

Compilation events (20 events):
Event: 4.215 Thread 0x0000028a7c10d320 3185       3       org.gradle.internal.hash.Hashing$MessageDigestHasher::getDigest (22 bytes)
Event: 4.215 Thread 0x0000028a7c10d320 nmethod 3185 0x0000028a6433a210 code [0x0000028a6433a3c0, 0x0000028a6433a5d8]
Event: 4.215 Thread 0x0000028a7c10d320 3186       3       java.lang.Enum::hashCode (21 bytes)
Event: 4.215 Thread 0x0000028a7c10d320 nmethod 3186 0x0000028a6433a710 code [0x0000028a6433a8c0, 0x0000028a6433aa48]
Event: 4.215 Thread 0x0000028a7c10d320 3187       3       com.google.common.collect.ImmutableSet$RegularSetBuilderImpl::add (68 bytes)
Event: 4.271 Thread 0x0000028a7c10d320 nmethod 3187 0x0000028a6433ab10 code [0x0000028a6433ad40, 0x0000028a6433b250]
Event: 4.285 Thread 0x0000028a7c107560 3190       4       java.lang.invoke.LambdaForm::prepare (108 bytes)
Event: 4.285 Thread 0x0000028a7c10d320 3191       3       java.util.regex.CharPredicates$$Lambda/0x00000001001129d0::is (9 bytes)
Event: 4.285 Thread 0x0000028a7c10d320 nmethod 3191 0x0000028a6433b490 code [0x0000028a6433b660, 0x0000028a6433b9d8]
Event: 4.285 Thread 0x0000028a7c10d320 3192       3       java.util.regex.CharPredicates::lambda$ctype$17 (21 bytes)
Event: 4.285 Thread 0x0000028a7c10d320 nmethod 3192 0x0000028a6433bb10 code [0x0000028a6433bcc0, 0x0000028a6433bfb8]
Event: 4.286 Thread 0x0000028a7c107560 nmethod 3190 0x0000028a6b990f90 code [0x0000028a6b991120, 0x0000028a6b991228]
Event: 4.299 Thread 0x0000028a7c107560 3193       4       java.lang.invoke.MethodHandle::<init> (37 bytes)
Event: 4.301 Thread 0x0000028a7c107560 nmethod 3193 0x0000028a6b991310 code [0x0000028a6b9914c0, 0x0000028a6b991860]
Event: 4.306 Thread 0x0000028a7c107560 3196       4       java.util.zip.ZipUtils::CENLEN (9 bytes)
Event: 4.307 Thread 0x0000028a7c107560 nmethod 3196 0x0000028a6b992090 code [0x0000028a6b992220, 0x0000028a6b992338]
Event: 4.319 Thread 0x0000028a7c10d320 3198       3       java.lang.PublicMethods$MethodList::filter (104 bytes)
Event: 4.320 Thread 0x0000028a7c10d320 nmethod 3198 0x0000028a6433c110 code [0x0000028a6433c360, 0x0000028a6433cd18]
Event: 4.320 Thread 0x0000028a7c10d320 3197       3       java.lang.Class::getMethodsRecursive (99 bytes)
Event: 4.320 Thread 0x0000028a7c10d320 nmethod 3197 0x0000028a6433d210 code [0x0000028a6433d440, 0x0000028a6433d9d8]

GC Heap History (12 events):
Event: 0.383 GC heap before
{Heap before GC invocations=0 (full 0):
 garbage-first heap   total 260096K, used 21504K [0x0000000080000000, 0x0000000100000000)
  region size 1024K, 21 young (21504K), 0 survivors (0K)
 Metaspace       used 7931K, committed 8064K, reserved 1114112K
  class space    used 709K, committed 768K, reserved 1048576K
}
Event: 0.386 GC heap after
{Heap after GC invocations=1 (full 0):
 garbage-first heap   total 260096K, used 1768K [0x0000000080000000, 0x0000000100000000)
  region size 1024K, 2 young (2048K), 2 survivors (2048K)
 Metaspace       used 7931K, committed 8064K, reserved 1114112K
  class space    used 709K, committed 768K, reserved 1048576K
}
Event: 0.841 GC heap before
{Heap before GC invocations=1 (full 0):
 garbage-first heap   total 260096K, used 38632K [0x0000000080000000, 0x0000000100000000)
  region size 1024K, 36 young (36864K), 2 survivors (2048K)
 Metaspace       used 12126K, committed 12352K, reserved 1114112K
  class space    used 1274K, committed 1408K, reserved 1048576K
}
Event: 0.844 GC heap after
{Heap after GC invocations=2 (full 0):
 garbage-first heap   total 260096K, used 10208K [0x0000000080000000, 0x0000000100000000)
  region size 1024K, 5 young (5120K), 5 survivors (5120K)
 Metaspace       used 12126K, committed 12352K, reserved 1114112K
  class space    used 1274K, committed 1408K, reserved 1048576K
}
Event: 1.441 GC heap before
{Heap before GC invocations=2 (full 0):
 garbage-first heap   total 260096K, used 57312K [0x0000000080000000, 0x0000000100000000)
  region size 1024K, 50 young (51200K), 5 survivors (5120K)
 Metaspace       used 12780K, committed 13056K, reserved 1114112K
  class space    used 1385K, committed 1536K, reserved 1048576K
}
Event: 1.444 GC heap after
{Heap after GC invocations=3 (full 0):
 garbage-first heap   total 260096K, used 16392K [0x0000000080000000, 0x0000000100000000)
  region size 1024K, 5 young (5120K), 5 survivors (5120K)
 Metaspace       used 12780K, committed 13056K, reserved 1114112K
  class space    used 1385K, committed 1536K, reserved 1048576K
}
Event: 2.199 GC heap before
{Heap before GC invocations=3 (full 0):
 garbage-first heap   total 260096K, used 45064K [0x0000000080000000, 0x0000000100000000)
  region size 1024K, 34 young (34816K), 5 survivors (5120K)
 Metaspace       used 21196K, committed 21504K, reserved 1114112K
  class space    used 2440K, committed 2624K, reserved 1048576K
}
Event: 2.203 GC heap after
{Heap after GC invocations=4 (full 0):
 garbage-first heap   total 260096K, used 19896K [0x0000000080000000, 0x0000000100000000)
  region size 1024K, 9 young (9216K), 9 survivors (9216K)
 Metaspace       used 21196K, committed 21504K, reserved 1114112K
  class space    used 2440K, committed 2624K, reserved 1048576K
}
Event: 2.885 GC heap before
{Heap before GC invocations=5 (full 0):
 garbage-first heap   total 71680K, used 52664K [0x0000000080000000, 0x0000000100000000)
  region size 1024K, 42 young (43008K), 9 survivors (9216K)
 Metaspace       used 27058K, committed 27584K, reserved 1114112K
  class space    used 3348K, committed 3584K, reserved 1048576K
}
Event: 2.890 GC heap after
{Heap after GC invocations=6 (full 0):
 garbage-first heap   total 71680K, used 21677K [0x0000000080000000, 0x0000000100000000)
  region size 1024K, 3 young (3072K), 3 survivors (3072K)
 Metaspace       used 27058K, committed 27584K, reserved 1114112K
  class space    used 3348K, committed 3584K, reserved 1048576K
}
Event: 3.977 GC heap before
{Heap before GC invocations=6 (full 0):
 garbage-first heap   total 71680K, used 55469K [0x0000000080000000, 0x0000000100000000)
  region size 1024K, 36 young (36864K), 3 survivors (3072K)
 Metaspace       used 31569K, committed 32320K, reserved 1114112K
  class space    used 4116K, committed 4480K, reserved 1048576K
}
Event: 3.980 GC heap after
{Heap after GC invocations=7 (full 0):
 garbage-first heap   total 71680K, used 24041K [0x0000000080000000, 0x0000000100000000)
  region size 1024K, 5 young (5120K), 5 survivors (5120K)
 Metaspace       used 31569K, committed 32320K, reserved 1114112K
  class space    used 4116K, committed 4480K, reserved 1048576K
}

Dll operation events (3 events):
Event: 0.012 Loaded shared library C:\Program Files\Android\Android Studio\jbr\bin\java.dll
Event: 0.018 Loaded shared library C:\Program Files\Android\Android Studio\jbr\bin\zip.dll
Event: 0.451 Loaded shared library C:\Program Files\Android\Android Studio\jbr\bin\verify.dll

Deoptimization events (20 events):
Event: 3.580 Thread 0x0000028a7dffd650 Uncommon trap: trap_request=0xffffff45 fr.pc=0x0000028a6b95e41c relative=0x00000000000000fc
Event: 3.580 Thread 0x0000028a7dffd650 Uncommon trap: reason=unstable_if action=reinterpret pc=0x0000028a6b95e41c method=java.util.Arrays.equals([Ljava/lang/Object;[Ljava/lang/Object;)Z @ 44 c2
Event: 3.580 Thread 0x0000028a7dffd650 DEOPT PACKING pc=0x0000028a6b95e41c sp=0x000000fdbcbfb640
Event: 3.580 Thread 0x0000028a7dffd650 DEOPT UNPACKING pc=0x0000028a6b2946a2 sp=0x000000fdbcbfb5e0 mode 2
Event: 3.580 Thread 0x0000028a7dffd650 Uncommon trap: trap_request=0xffffff45 fr.pc=0x0000028a6b96785c relative=0x00000000000001fc
Event: 3.580 Thread 0x0000028a7dffd650 Uncommon trap: reason=unstable_if action=reinterpret pc=0x0000028a6b96785c method=java.util.HashMap.getNode(Ljava/lang/Object;)Ljava/util/HashMap$Node; @ 131 c2
Event: 3.580 Thread 0x0000028a7dffd650 DEOPT PACKING pc=0x0000028a6b96785c sp=0x000000fdbcbfb700
Event: 3.580 Thread 0x0000028a7dffd650 DEOPT UNPACKING pc=0x0000028a6b2946a2 sp=0x000000fdbcbfb620 mode 2
Event: 3.580 Thread 0x0000028a7dffd650 Uncommon trap: trap_request=0xffffff45 fr.pc=0x0000028a6b9084d4 relative=0x00000000000007b4
Event: 3.580 Thread 0x0000028a7dffd650 Uncommon trap: reason=unstable_if action=reinterpret pc=0x0000028a6b9084d4 method=java.util.HashMap.putVal(ILjava/lang/Object;Ljava/lang/Object;ZZ)Ljava/lang/Object; @ 206 c2
Event: 3.580 Thread 0x0000028a7dffd650 DEOPT PACKING pc=0x0000028a6b9084d4 sp=0x000000fdbcbfb640
Event: 3.580 Thread 0x0000028a7dffd650 DEOPT UNPACKING pc=0x0000028a6b2946a2 sp=0x000000fdbcbfb5c8 mode 2
Event: 3.580 Thread 0x0000028a7dffd650 Uncommon trap: trap_request=0xffffff45 fr.pc=0x0000028a6b9648bc relative=0x00000000000002dc
Event: 3.580 Thread 0x0000028a7dffd650 Uncommon trap: reason=unstable_if action=reinterpret pc=0x0000028a6b9648bc method=java.util.HashMap.getNode(Ljava/lang/Object;)Ljava/util/HashMap$Node; @ 131 c2
Event: 3.580 Thread 0x0000028a7dffd650 DEOPT PACKING pc=0x0000028a6b9648bc sp=0x000000fdbcbfb6a0
Event: 3.580 Thread 0x0000028a7dffd650 DEOPT UNPACKING pc=0x0000028a6b2946a2 sp=0x000000fdbcbfb620 mode 2
Event: 4.053 Thread 0x0000028a7dffd650 Uncommon trap: trap_request=0xffffff45 fr.pc=0x0000028a6b8f6120 relative=0x00000000000003c0
Event: 4.053 Thread 0x0000028a7dffd650 Uncommon trap: reason=unstable_if action=reinterpret pc=0x0000028a6b8f6120 method=jdk.internal.org.objectweb.asm.SymbolTable.addType(Ljava/lang/String;)I @ 33 c2
Event: 4.053 Thread 0x0000028a7dffd650 DEOPT PACKING pc=0x0000028a6b8f6120 sp=0x000000fdbcbf9e60
Event: 4.053 Thread 0x0000028a7dffd650 DEOPT UNPACKING pc=0x0000028a6b2946a2 sp=0x000000fdbcbf9de8 mode 2

Classes loaded (20 events):
Event: 3.517 Loading class org/xml/sax/SAXException
Event: 3.517 Loading class org/xml/sax/SAXException done
Event: 3.517 Loading class javax/xml/xpath/XPathExpressionException
Event: 3.517 Loading class javax/xml/xpath/XPathException
Event: 3.517 Loading class javax/xml/xpath/XPathException done
Event: 3.517 Loading class javax/xml/xpath/XPathExpressionException done
Event: 3.517 Loading class org/xml/sax/ErrorHandler
Event: 3.517 Loading class org/xml/sax/ErrorHandler done
Event: 3.679 Loading class java/lang/ThreadLocal$SuppliedThreadLocal
Event: 3.679 Loading class java/lang/ThreadLocal$SuppliedThreadLocal done
Event: 3.967 Loading class java/util/zip/GZIPInputStream
Event: 3.967 Loading class java/util/zip/GZIPInputStream done
Event: 3.967 Loading class java/util/zip/GZIPOutputStream
Event: 3.967 Loading class java/util/zip/DeflaterOutputStream
Event: 3.968 Loading class java/util/zip/DeflaterOutputStream done
Event: 3.968 Loading class java/util/zip/GZIPOutputStream done
Event: 3.976 Loading class java/io/UnsupportedEncodingException
Event: 3.976 Loading class java/io/UnsupportedEncodingException done
Event: 4.060 Loading class java/util/Collections$SingletonMap
Event: 4.060 Loading class java/util/Collections$SingletonMap done

Classes unloaded (0 events):
No events

Classes redefined (0 events):
No events

Internal exceptions (20 events):
Event: 2.821 Thread 0x0000028a7dffd650 Exception <a 'java/lang/IncompatibleClassChangeError'{0x0000000081eb3ab8}: Found class java.lang.Object, but interface was expected> (0x0000000081eb3ab8) 
thrown [s\src\hotspot\share\interpreter\linkResolver.cpp, line 851]
Event: 3.100 Thread 0x0000028a7dffd650 Exception <a 'java/lang/IncompatibleClassChangeError'{0x000000008d9886a0}: Found class java.lang.Object, but interface was expected> (0x000000008d9886a0) 
thrown [s\src\hotspot\share\interpreter\linkResolver.cpp, line 851]
Event: 3.105 Thread 0x0000028a7dffd650 Exception <a 'java/lang/NoSuchMethodError'{0x000000008d9b1a30}: 'java.lang.Object java.lang.invoke.DirectMethodHandle$Holder.newInvokeSpecial(java.lang.Object, java.lang.Object, java.lang.Object, java.lang.Object, java.lang.Object, java.lang.Object, java.lang.Object, java.lang.Object, java.lang.Object, java.lang.Object)'> (0x000000008d9b1a30) 
thrown [s\src\hotspot\share\interpreter\linkResolver.cpp, line 784]
Event: 3.127 Thread 0x0000028a7dffd650 Exception <a 'java/lang/NoSuchMethodError'{0x000000008d8c95d0}: 'java.lang.Object java.lang.invoke.DirectMethodHandle$Holder.newInvokeSpecial(java.lang.Object, java.lang.Object, java.lang.Object, java.lang.Object, java.lang.Object, java.lang.Object, java.lang.Object, java.lang.Object)'> (0x000000008d8c95d0) 
thrown [s\src\hotspot\share\interpreter\linkResolver.cpp, line 784]
Event: 3.147 Thread 0x0000028a7dffd650 Exception <a 'java/lang/NoSuchMethodError'{0x0000000083b82bc8}: 'int java.lang.invoke.DirectMethodHandle$Holder.invokeStaticInit(java.lang.Object, java.lang.Object, java.lang.Object)'> (0x0000000083b82bc8) 
thrown [s\src\hotspot\share\interpreter\linkResolver.cpp, line 784]
Event: 3.387 Thread 0x0000028a7dffd650 Exception <a 'java/lang/NoSuchMethodError'{0x0000000083529280}: 'java.lang.Object java.lang.invoke.DirectMethodHandle$Holder.invokeVirtual(java.lang.Object, java.lang.Object, java.lang.Object, java.lang.Object, java.lang.Object, java.lang.Object, java.lang.Object, java.lang.Object, java.lang.Object, java.lang.Object, java.lang.Object, java.lang.Object, java.lang.Object, java.lang.Object, java.lang.Object, java.lang.Object, java.lang.Object, java.lang.Object, java.lang.Object, java.lang.Object, java.lang.Ob
Event: 3.411 Thread 0x0000028a7dffd650 Exception <a 'java/lang/NoSuchMethodError'{0x000000008359c4e0}: 'java.lang.Object java.lang.invoke.DirectMethodHandle$Holder.invokeSpecial(java.lang.Object, java.lang.Object, java.lang.Object, java.lang.Object, java.lang.Object, java.lang.Object, java.lang.Object, java.lang.Object, java.lang.Object, java.lang.Object, java.lang.Object, java.lang.Object, java.lang.Object, java.lang.Object, java.lang.Object, java.lang.Object, java.lang.Object, java.lang.Object, java.lang.Object, java.lang.Object, java.lang.Ob
Event: 3.647 Thread 0x0000028a7dffd650 Exception <a 'java/lang/NoSuchMethodError'{0x0000000082db9eb0}: 'java.lang.Object java.lang.invoke.DirectMethodHandle$Holder.newInvokeSpecial(java.lang.Object, java.lang.Object, java.lang.Object, java.lang.Object, java.lang.Object, java.lang.Object, java.lang.Object)'> (0x0000000082db9eb0) 
thrown [s\src\hotspot\share\interpreter\linkResolver.cpp, line 784]
Event: 3.710 Thread 0x0000028a7dffd650 Exception <a 'java/lang/NoSuchMethodError'{0x0000000082bcbd18}: 'java.lang.Object java.lang.invoke.DirectMethodHandle$Holder.invokeVirtual(java.lang.Object, java.lang.Object, java.lang.Object, java.lang.Object, java.lang.Object, java.lang.Object, java.lang.Object, java.lang.Object, java.lang.Object, java.lang.Object, java.lang.Object)'> (0x0000000082bcbd18) 
thrown [s\src\hotspot\share\interpreter\linkResolver.cpp, line 784]
Event: 4.009 Thread 0x0000028a7dffd650 Exception <a 'java/lang/NoSuchMethodError'{0x000000008e00e618}: 'java.lang.Object java.lang.invoke.DirectMethodHandle$Holder.invokeVirtual(java.lang.Object, java.lang.Object, java.lang.Object, java.lang.Object, java.lang.Object, java.lang.Object, java.lang.Object, java.lang.Object, java.lang.Object, java.lang.Object)'> (0x000000008e00e618) 
thrown [s\src\hotspot\share\interpreter\linkResolver.cpp, line 784]
Event: 4.071 Thread 0x0000028a7dffd650 Exception <a 'java/lang/NoSuchMethodError'{0x000000008df15570}: 'java.lang.Object java.lang.invoke.DirectMethodHandle$Holder.invokeSpecial(java.lang.Object, java.lang.Object, java.lang.Object, java.lang.Object, java.lang.Object, java.lang.Object, java.lang.Object, java.lang.Object, java.lang.Object, java.lang.Object, java.lang.Object, java.lang.Object, java.lang.Object, java.lang.Object, java.lang.Object, java.lang.Object, java.lang.Object, java.lang.Object, java.lang.Object, java.lang.Object, java.lang.Ob
Event: 4.072 Thread 0x0000028a7dffd650 Exception <a 'java/lang/NoSuchMethodError'{0x000000008df1af58}: 'java.lang.Object java.lang.invoke.DelegatingMethodHandle$Holder.reinvoke_L(java.lang.Object, java.lang.Object, java.lang.Object, java.lang.Object, java.lang.Object, java.lang.Object, java.lang.Object, java.lang.Object, java.lang.Object, java.lang.Object, java.lang.Object, java.lang.Object, java.lang.Object, java.lang.Object, java.lang.Object, java.lang.Object, java.lang.Object, java.lang.Object, java.lang.Object, java.lang.Object, java.lang.O
Event: 4.072 Thread 0x0000028a7dffd650 Exception <a 'java/lang/NoSuchMethodError'{0x000000008df265a8}: 'java.lang.Object java.lang.invoke.DirectMethodHandle$Holder.invokeSpecial(java.lang.Object, java.lang.Object, java.lang.Object, java.lang.Object, java.lang.Object, java.lang.Object, java.lang.Object, java.lang.Object, java.lang.Object, java.lang.Object, java.lang.Object, java.lang.Object, java.lang.Object, java.lang.Object, java.lang.Object, java.lang.Object, java.lang.Object, java.lang.Object, java.lang.Object, java.lang.Object, java.lang.Ob
Event: 4.072 Thread 0x0000028a7dffd650 Exception <a 'java/lang/NoSuchMethodError'{0x000000008df2bdb0}: 'java.lang.Object java.lang.invoke.Invokers$Holder.invoker(java.lang.Object, java.lang.Object, java.lang.Object, java.lang.Object, java.lang.Object, java.lang.Object, java.lang.Object, java.lang.Object, java.lang.Object, java.lang.Object, java.lang.Object, java.lang.Object, java.lang.Object, java.lang.Object, java.lang.Object, java.lang.Object, java.lang.Object, java.lang.Object, java.lang.Object, java.lang.Object, java.lang.Object, java.lang.
Event: 4.072 Thread 0x0000028a7dffd650 Exception <a 'java/lang/NoSuchMethodError'{0x000000008df31f98}: 'java.lang.Object java.lang.invoke.DelegatingMethodHandle$Holder.delegate(java.lang.Object, java.lang.Object, java.lang.Object, java.lang.Object, java.lang.Object, java.lang.Object, java.lang.Object, java.lang.Object, java.lang.Object, java.lang.Object, java.lang.Object, java.lang.Object, java.lang.Object, java.lang.Object, java.lang.Object, java.lang.Object, java.lang.Object, java.lang.Object, java.lang.Object, java.lang.Object, java.lang.Obj
Event: 4.128 Thread 0x0000028a7dffd650 Exception <a 'java/lang/NoSuchMethodError'{0x000000008dd42ea0}: 'java.lang.Object java.lang.invoke.DirectMethodHandle$Holder.invokeStaticInit(java.lang.Object, java.lang.Object, java.lang.Object, java.lang.Object)'> (0x000000008dd42ea0) 
thrown [s\src\hotspot\share\interpreter\linkResolver.cpp, line 784]
Event: 4.205 Thread 0x0000028a7dffd650 Exception <a 'java/lang/NoSuchMethodError'{0x000000008db06e38}: 'void java.lang.invoke.DirectMethodHandle$Holder.invokeStatic(java.lang.Object, java.lang.Object, java.lang.Object, java.lang.Object)'> (0x000000008db06e38) 
thrown [s\src\hotspot\share\interpreter\linkResolver.cpp, line 784]
Event: 4.304 Thread 0x0000028a7dffd650 Exception <a 'java/lang/NoSuchMethodError'{0x000000008dba1d30}: 'java.lang.Object java.lang.invoke.DirectMethodHandle$Holder.invokeVirtual(java.lang.Object, java.lang.Object, java.lang.Object, java.lang.Object, java.lang.Object, java.lang.Object, java.lang.Object, java.lang.Object, java.lang.Object, java.lang.Object, java.lang.Object, java.lang.Object, java.lang.Object)'> (0x000000008dba1d30) 
thrown [s\src\hotspot\share\interpreter\linkResolver.cpp, line 784]
Event: 4.305 Thread 0x0000028a7dffd650 Exception <a 'java/lang/NoSuchMethodError'{0x000000008dba6f68}: 'java.lang.Object java.lang.invoke.DirectMethodHandle$Holder.invokeSpecial(java.lang.Object, java.lang.Object, java.lang.Object, java.lang.Object, java.lang.Object, java.lang.Object, java.lang.Object, java.lang.Object, java.lang.Object, java.lang.Object, java.lang.Object, java.lang.Object, java.lang.Object, java.lang.Object)'> (0x000000008dba6f68) 
thrown [s\src\hotspot\share\interpreter\linkResolver.cpp, line 784]
Event: 4.305 Thread 0x0000028a7dffd650 Exception <a 'java/lang/NoSuchMethodError'{0x000000008dbabcb8}: 'java.lang.Object java.lang.invoke.DelegatingMethodHandle$Holder.reinvoke_L(java.lang.Object, java.lang.Object, java.lang.Object, java.lang.Object, java.lang.Object, java.lang.Object, java.lang.Object, java.lang.Object, java.lang.Object, java.lang.Object, java.lang.Object, java.lang.Object, java.lang.Object)'> (0x000000008dbabcb8) 
thrown [s\src\hotspot\share\interpreter\linkResolver.cpp, line 784]

ZGC Phase Switch (0 events):
No events

VM Operations (20 events):
Event: 2.045 Executing VM operation: HandshakeAllThreads (Deoptimize)
Event: 2.045 Executing VM operation: HandshakeAllThreads (Deoptimize) done
Event: 2.199 Executing VM operation: CollectForMetadataAllocation (Metadata GC Threshold)
Event: 2.203 Executing VM operation: CollectForMetadataAllocation (Metadata GC Threshold) done
Event: 2.207 Executing VM operation: G1PauseRemark
Event: 2.209 Executing VM operation: G1PauseRemark done
Event: 2.210 Executing VM operation: G1PauseCleanup
Event: 2.210 Executing VM operation: G1PauseCleanup done
Event: 2.565 Executing VM operation: HandshakeAllThreads (Deoptimize)
Event: 2.565 Executing VM operation: HandshakeAllThreads (Deoptimize) done
Event: 2.809 Executing VM operation: HandshakeAllThreads (Deoptimize)
Event: 2.809 Executing VM operation: HandshakeAllThreads (Deoptimize) done
Event: 2.809 Executing VM operation: HandshakeAllThreads (Deoptimize)
Event: 2.809 Executing VM operation: HandshakeAllThreads (Deoptimize) done
Event: 2.885 Executing VM operation: G1CollectForAllocation (G1 Evacuation Pause)
Event: 2.890 Executing VM operation: G1CollectForAllocation (G1 Evacuation Pause) done
Event: 3.907 Executing VM operation: Cleanup
Event: 3.953 Executing VM operation: Cleanup done
Event: 3.977 Executing VM operation: G1CollectForAllocation (G1 Evacuation Pause)
Event: 3.980 Executing VM operation: G1CollectForAllocation (G1 Evacuation Pause) done

Memory protections (0 events):
No events

Nmethod flushes (0 events):
No events

Events (20 events):
Event: 1.610 Loaded shared library C:\Program Files\Android\Android Studio\jbr\bin\management_ext.dll
Event: 1.640 Thread 0x0000028a5e864cb0 Thread added: 0x0000028a7dce4cc0
Event: 1.744 Thread 0x0000028a7c107560 Thread added: 0x0000028a7dbff9b0
Event: 1.945 Loaded shared library C:\Program Files\Android\Android Studio\jbr\bin\extnet.dll
Event: 1.969 Thread 0x0000028a5e864cb0 Thread added: 0x0000028a7dd1b2d0
Event: 2.038 Thread 0x0000028a5e864cb0 Thread added: 0x0000028a7de18260
Event: 2.070 Thread 0x0000028a7dd1b2d0 Thread added: 0x0000028a7de12800
Event: 2.072 Thread 0x0000028a7de12800 Thread added: 0x0000028a7de13a40
Event: 2.102 Thread 0x0000028a7de12800 Thread added: 0x0000028a7dfd2670
Event: 2.109 Thread 0x0000028a7de12800 Thread added: 0x0000028a7dffd650
Event: 2.117 Thread 0x0000028a7dffd650 Thread added: 0x0000028a7dfcb350
Event: 2.121 Thread 0x0000028a7dffd650 Thread added: 0x0000028a7cec9d10
Event: 2.122 Thread 0x0000028a7dffd650 Thread added: 0x0000028a7cec9680
Event: 2.566 Thread 0x0000028a7dffd650 Thread added: 0x0000028a7cecaa30
Event: 2.573 Thread 0x0000028a7dffd650 Thread added: 0x0000028a7cecb0c0
Event: 2.597 Thread 0x0000028a7dffd650 Thread added: 0x0000028a7ceca3a0
Event: 3.498 Thread 0x0000028a7dffd650 Thread added: 0x0000028a7cecbde0
Event: 3.954 Thread 0x0000028a7dbff9b0 Thread exited: 0x0000028a7dbff9b0
Event: 4.010 Thread 0x0000028a7dffd650 Thread added: 0x0000028a7e2b7950
Event: 4.064 Thread 0x0000028a7dffd650 Thread added: 0x0000028a7e2b65a0


Dynamic libraries:
0x00007ff70e600000 - 0x00007ff70e60a000 	C:\Program Files\Android\Android Studio\jbr\bin\java.exe
0x00007ffb41b00000 - 0x00007ffb41d67000 	C:\WINDOWS\SYSTEM32\ntdll.dll
0x00007ffb409d0000 - 0x00007ffb40a99000 	C:\WINDOWS\System32\KERNEL32.DLL
0x00007ffb3f1d0000 - 0x00007ffb3f5bf000 	C:\WINDOWS\System32\KERNELBASE.dll
0x00007ffb3f080000 - 0x00007ffb3f1cb000 	C:\WINDOWS\System32\ucrtbase.dll
0x00007ffb1eed0000 - 0x00007ffb1eee8000 	C:\Program Files\Android\Android Studio\jbr\bin\jli.dll
0x00007ffb394f0000 - 0x00007ffb3950b000 	C:\Program Files\Android\Android Studio\jbr\bin\VCRUNTIME140.dll
0x00007ffb406a0000 - 0x00007ffb40865000 	C:\WINDOWS\System32\USER32.dll
0x00007ffb30770000 - 0x00007ffb30a03000 	C:\WINDOWS\WinSxS\amd64_microsoft.windows.common-controls_6595b64144ccf1df_6.0.26100.7309_none_3e05feeae336a044\COMCTL32.dll
0x00007ffb3f870000 - 0x00007ffb3f897000 	C:\WINDOWS\System32\win32u.dll
0x00007ffb3fd30000 - 0x00007ffb3fdd9000 	C:\WINDOWS\System32\msvcrt.dll
0x00007ffb3f8a0000 - 0x00007ffb3f8cb000 	C:\WINDOWS\System32\GDI32.dll
0x00007ffb3f5d0000 - 0x00007ffb3f6fc000 	C:\WINDOWS\System32\gdi32full.dll
0x00007ffb3ec50000 - 0x00007ffb3ecf3000 	C:\WINDOWS\System32\msvcp_win.dll
0x00007ffb402d0000 - 0x00007ffb40301000 	C:\WINDOWS\System32\IMM32.DLL
0x00007ffb39580000 - 0x00007ffb3958c000 	C:\Program Files\Android\Android Studio\jbr\bin\vcruntime140_1.dll
0x00007ffb16100000 - 0x00007ffb1618d000 	C:\Program Files\Android\Android Studio\jbr\bin\msvcp140.dll
0x00007ffad5360000 - 0x00007ffad5feb000 	C:\Program Files\Android\Android Studio\jbr\bin\server\jvm.dll
0x00007ffb40190000 - 0x00007ffb40244000 	C:\WINDOWS\System32\ADVAPI32.dll
0x00007ffb40de0000 - 0x00007ffb40e86000 	C:\WINDOWS\System32\sechost.dll
0x00007ffb3fe60000 - 0x00007ffb3ff78000 	C:\WINDOWS\System32\RPCRT4.dll
0x00007ffb3fbf0000 - 0x00007ffb3fc64000 	C:\WINDOWS\System32\WS2_32.dll
0x00007ffb30a10000 - 0x00007ffb30a45000 	C:\WINDOWS\SYSTEM32\WINMM.dll
0x00007ffb38e70000 - 0x00007ffb38e7b000 	C:\WINDOWS\SYSTEM32\VERSION.dll
0x00007ffb3eab0000 - 0x00007ffb3eb0e000 	C:\WINDOWS\SYSTEM32\POWRPROF.dll
0x00007ffb3ea90000 - 0x00007ffb3eaa4000 	C:\WINDOWS\SYSTEM32\UMPDC.dll
0x00007ffb3d9c0000 - 0x00007ffb3d9db000 	C:\WINDOWS\SYSTEM32\kernel.appcore.dll
0x00007ffb394e0000 - 0x00007ffb394ea000 	C:\Program Files\Android\Android Studio\jbr\bin\jimage.dll
0x00007ffb30a50000 - 0x00007ffb30c92000 	C:\WINDOWS\SYSTEM32\DBGHELP.DLL
0x00007ffb40310000 - 0x00007ffb40696000 	C:\WINDOWS\System32\combase.dll
0x00007ffb3ff90000 - 0x00007ffb40066000 	C:\WINDOWS\System32\OLEAUT32.dll
0x00007ffb13470000 - 0x00007ffb134ac000 	C:\WINDOWS\SYSTEM32\dbgcore.DLL
0x00007ffb3f700000 - 0x00007ffb3f7a5000 	C:\WINDOWS\System32\bcryptPrimitives.dll
0x00007ffb39e40000 - 0x00007ffb39e4e000 	C:\Program Files\Android\Android Studio\jbr\bin\instrument.dll
0x00007ffb30070000 - 0x00007ffb30090000 	C:\Program Files\Android\Android Studio\jbr\bin\java.dll
0x00007ffb30050000 - 0x00007ffb30068000 	C:\Program Files\Android\Android Studio\jbr\bin\zip.dll
0x00007ffb41330000 - 0x00007ffb41a83000 	C:\WINDOWS\System32\SHELL32.dll
0x00007ffb3ee80000 - 0x00007ffb3efea000 	C:\WINDOWS\System32\wintypes.dll
0x00007ffb3c830000 - 0x00007ffb3d08e000 	C:\WINDOWS\SYSTEM32\windows.storage.dll
0x00007ffb408d0000 - 0x00007ffb409c5000 	C:\WINDOWS\System32\SHCORE.dll
0x00007ffb40d70000 - 0x00007ffb40dd6000 	C:\WINDOWS\System32\shlwapi.dll
0x00007ffb3eb70000 - 0x00007ffb3eb99000 	C:\WINDOWS\SYSTEM32\profapi.dll
0x00007ffb394d0000 - 0x00007ffb394e0000 	C:\Program Files\Android\Android Studio\jbr\bin\net.dll
0x00007ffb38aa0000 - 0x00007ffb38bc8000 	C:\WINDOWS\SYSTEM32\WINHTTP.dll
0x00007ffb3df10000 - 0x00007ffb3df7b000 	C:\WINDOWS\system32\mswsock.dll
0x00007ffb2c260000 - 0x00007ffb2c276000 	C:\Program Files\Android\Android Studio\jbr\bin\nio.dll
0x00007ffb2abc0000 - 0x00007ffb2abd0000 	C:\Program Files\Android\Android Studio\jbr\bin\verify.dll
0x00007ffb23570000 - 0x00007ffb23597000 	C:\Users\DELL\.gradle\native\c067742578af261105cb4f569cf0c3c89f3d7b1fecec35dd04571415982c5e48\windows-amd64\native-platform.dll
0x00007ffaf9bf0000 - 0x00007ffaf9d34000 	C:\Users\DELL\.gradle\native\100fb08df4bc3b14c8652ba06237920a3bd2aa13389f12d3474272988ae205f9\windows-amd64\native-platform-file-events.dll
0x00007ffb2abf0000 - 0x00007ffb2abf9000 	C:\Program Files\Android\Android Studio\jbr\bin\management.dll
0x00007ffb2abe0000 - 0x00007ffb2abeb000 	C:\Program Files\Android\Android Studio\jbr\bin\management_ext.dll
0x00007ffb408c0000 - 0x00007ffb408c8000 	C:\WINDOWS\System32\PSAPI.DLL
0x00007ffb3e300000 - 0x00007ffb3e31b000 	C:\WINDOWS\SYSTEM32\CRYPTSP.dll
0x00007ffb3d920000 - 0x00007ffb3d95a000 	C:\WINDOWS\system32\rsaenh.dll
0x00007ffb3dfc0000 - 0x00007ffb3dfeb000 	C:\WINDOWS\SYSTEM32\USERENV.dll
0x00007ffb3eb40000 - 0x00007ffb3eb6a000 	C:\WINDOWS\SYSTEM32\bcrypt.dll
0x00007ffb3e2e0000 - 0x00007ffb3e2ec000 	C:\WINDOWS\SYSTEM32\CRYPTBASE.dll
0x00007ffb3d3b0000 - 0x00007ffb3d3e4000 	C:\WINDOWS\SYSTEM32\IPHLPAPI.DLL
0x00007ffb40e90000 - 0x00007ffb40e9a000 	C:\WINDOWS\System32\NSI.dll
0x00007ffb30040000 - 0x00007ffb30049000 	C:\Program Files\Android\Android Studio\jbr\bin\extnet.dll
0x00007ffaed180000 - 0x00007ffaed188000 	C:\WINDOWS\system32\wshunix.dll

dbghelp: loaded successfully - version: 4.0.5 - missing functions: none
symbol engine: initialized successfully - sym options: 0x614 - pdb path: .;C:\Program Files\Android\Android Studio\jbr\bin;C:\WINDOWS\SYSTEM32;C:\WINDOWS\WinSxS\amd64_microsoft.windows.common-controls_6595b64144ccf1df_6.0.26100.7309_none_3e05feeae336a044;C:\Program Files\Android\Android Studio\jbr\bin\server;C:\Users\DELL\.gradle\native\c067742578af261105cb4f569cf0c3c89f3d7b1fecec35dd04571415982c5e48\windows-amd64;C:\Users\DELL\.gradle\native\100fb08df4bc3b14c8652ba06237920a3bd2aa13389f12d3474272988ae205f9\windows-amd64

VM Arguments:
jvm_args: --add-opens=java.base/java.lang=ALL-UNNAMED --add-opens=java.base/java.lang.invoke=ALL-UNNAMED --add-opens=java.base/java.util=ALL-UNNAMED --add-opens=java.prefs/java.util.prefs=ALL-UNNAMED --add-exports=jdk.compiler/com.sun.tools.javac.api=ALL-UNNAMED --add-exports=jdk.compiler/com.sun.tools.javac.util=ALL-UNNAMED --add-opens=java.base/java.util=ALL-UNNAMED --add-opens=java.prefs/java.util.prefs=ALL-UNNAMED --add-opens=java.base/java.nio.charset=ALL-UNNAMED --add-opens=java.base/java.net=ALL-UNNAMED --add-opens=java.base/java.util.concurrent.atomic=ALL-UNNAMED --add-opens=java.xml/javax.xml.namespace=ALL-UNNAMED -Xmx2048m -Dfile.encoding=UTF-8 -Duser.country=US -Duser.language=en -Duser.variant -javaagent:C:\Users\DELL\.gradle\wrapper\dists\gradle-8.11.1-bin\bpt9gzteqjrbo1mjrsomdt32c\gradle-8.11.1\lib\agents\gradle-instrumentation-agent-8.11.1.jar 
java_command: org.gradle.launcher.daemon.bootstrap.GradleDaemon 8.11.1
java_class_path (initial): C:\Users\DELL\.gradle\wrapper\dists\gradle-8.11.1-bin\bpt9gzteqjrbo1mjrsomdt32c\gradle-8.11.1\lib\gradle-daemon-main-8.11.1.jar
Launcher Type: SUN_STANDARD

[Global flags]
     intx CICompilerCount                          = 3                                         {product} {ergonomic}
     uint ConcGCThreads                            = 2                                         {product} {ergonomic}
     uint G1ConcRefinementThreads                  = 6                                         {product} {ergonomic}
   size_t G1HeapRegionSize                         = 1048576                                   {product} {ergonomic}
    uintx GCDrainStackTargetSize                   = 64                                        {product} {ergonomic}
   size_t InitialHeapSize                          = 266338304                                 {product} {ergonomic}
   size_t MarkStackSize                            = 4194304                                   {product} {ergonomic}
   size_t MaxHeapSize                              = 2147483648                                {product} {command line}
   size_t MaxNewSize                               = 1287651328                                {product} {ergonomic}
   size_t MinHeapDeltaBytes                        = 1048576                                   {product} {ergonomic}
   size_t MinHeapSize                              = 8388608                                   {product} {ergonomic}
    uintx NonNMethodCodeHeapSize                   = 5832780                                {pd product} {ergonomic}
    uintx NonProfiledCodeHeapSize                  = 122912730                              {pd product} {ergonomic}
    uintx ProfiledCodeHeapSize                     = 122912730                              {pd product} {ergonomic}
    uintx ReservedCodeCacheSize                    = 251658240                              {pd product} {ergonomic}
     bool SegmentedCodeCache                       = true                                      {product} {ergonomic}
   size_t SoftMaxHeapSize                          = 2147483648                             {manageable} {ergonomic}
     bool UseCompressedOops                        = true                           {product lp64_product} {ergonomic}
     bool UseG1GC                                  = true                                      {product} {ergonomic}
     bool UseLargePagesIndividualAllocation        = false                                  {pd product} {ergonomic}

Logging:
Log output configuration:
 #0: stdout all=warning uptime,level,tags foldmultilines=false
 #1: stderr all=off uptime,level,tags foldmultilines=false

Environment Variables:
PATH=C:\Program Files\Common Files\Oracle\Java\javapath;C:\Program Files (x86)\VMware\VMware Workstation\bin\;C:\WINDOWS\system32;C:\WINDOWS;C:\WINDOWS\System32\Wbem;C:\WINDOWS\System32\WindowsPowerShell\v1.0\;C:\WINDOWS\System32\OpenSSH\;C:\Program Files\dotnet\;C:\Program Files\Git\cmd;C:\Program Files\Microsoft SQL Server\150\Tools\Binn\;C:\Program Files\Microsoft SQL Server\Client SDK\ODBC\170\Tools\Binn\;C:\Program Files\nodejs\;C:\ProgramData\chocolatey\bin;C:\Program Files\Docker\Docker\resources\bin;C:\Program Files (x86)\AOMEI Backupper;C:\Program Files (x86)\Windows Kits\10\Windows Performance Toolkit\;C:\Users\DELL\AppData\Local\Programs\Python\Python313\Scripts\;C:\Users\DELL\AppData\Local\Programs\Python\Python313\;C:\Users\DELL\AppData\Local\Microsoft\WindowsApps;C:\Users\DELL\AppData\Local\Programs\Microsoft VS Code\bin;C:\Users\DELL\AppData\Roaming\npm;C:\Program Files\JetBrains\IntelliJ IDEA Community Edition 2025.1.1.1\bin;;C:\Users\DELL\AppData\Local\Programs\Antigravity\bin;C:\Users\DELL\AppData\Local\GitHubDesktop\bin;C:\Users\DELL\.dotnet\tools
USERNAME=DELL
OS=Windows_NT
PROCESSOR_IDENTIFIER=Intel64 Family 6 Model 158 Stepping 10, GenuineIntel
TMP=C:\Users\DELL\AppData\Local\Temp
TEMP=C:\Users\DELL\AppData\Local\Temp




Periodic native trim disabled

JNI global refs:
JNI global refs: 23, weak refs: 0

JNI global refs memory usage: 835, weak refs: 833

Process memory usage:
Resident Set Size: 201796K (1% of 16596216K total physical memory with 1042240K free physical memory)

OOME stack traces (most recent first):
Classloader memory used:
Loader bootstrap                                                                       : 16886K
Loader org.gradle.internal.classloader.VisitableURLClassLoader                         : 13427K
Loader org.gradle.initialization.MixInLegacyTypesClassLoader                           : 1931K
Loader jdk.internal.loader.ClassLoaders$AppClassLoader                                 : 234K
Loader jdk.internal.loader.ClassLoaders$PlatformClassLoader                            : 114K

Classes loaded by more than one classloader:
Class org.gradle.internal.classloader.FilteringClassLoader                            : loaded 2 times (x 101B)
Class org.gradle.internal.classloader.ClassLoaderHierarchy                            : loaded 2 times (x 66B)
Class org.gradle.api.internal.classpath.ManifestUtil                                  : loaded 2 times (x 67B)
Class org.gradle.internal.classloader.DefaultClassLoaderFactory                       : loaded 2 times (x 78B)
Class org.gradle.internal.classloader.ClassLoaderVisitor                              : loaded 2 times (x 72B)
Class org.gradle.api.internal.classpath.EffectiveClassPath                            : loaded 2 times (x 86B)
Class org.gradle.api.internal.DefaultClassPathProvider                                : loaded 2 times (x 72B)
Class [Lorg.gradle.api.internal.ClassPathProvider;                                    : loaded 2 times (x 65B)
Class org.gradle.api.internal.ClassPathProvider                                       : loaded 2 times (x 66B)
Class org.gradle.internal.service.UnknownServiceException                             : loaded 2 times (x 79B)
Class org.gradle.internal.classpath.TransformedClassPath                              : loaded 2 times (x 92B)
Class org.gradle.internal.classloader.InstrumentingClassLoader                        : loaded 2 times (x 66B)
Class org.gradle.internal.service.ServiceLocator                                      : loaded 2 times (x 66B)
Class org.gradle.internal.InternalTransformer                                         : loaded 2 times (x 66B)
Class org.gradle.internal.classloader.ClasspathUtil$1                                 : loaded 2 times (x 72B)
Class org.gradle.api.internal.classpath.DefaultModuleRegistry$DefaultModule           : loaded 2 times (x 82B)
Class org.gradle.api.internal.classpath.Module                                        : loaded 2 times (x 66B)
Class org.gradle.api.internal.classpath.UnknownModuleException                        : loaded 2 times (x 78B)
Class org.gradle.api.internal.DefaultClassPathRegistry                                : loaded 2 times (x 72B)
Class org.gradle.api.internal.ClassPathRegistry                                       : loaded 2 times (x 66B)
Class org.gradle.internal.classpath.DefaultClassPath$ImmutableUniqueList              : loaded 2 times (x 195B)
Class org.gradle.internal.classpath.ClassPath                                         : loaded 2 times (x 66B)
Class org.gradle.api.UncheckedIOException                                             : loaded 2 times (x 78B)
Class org.gradle.internal.installation.GradleInstallation$1                           : loaded 2 times (x 71B)
Class org.gradle.api.internal.classpath.ModuleRegistry                                : loaded 2 times (x 66B)
Class org.gradle.api.internal.classpath.DefaultModuleRegistry                         : loaded 2 times (x 82B)
Class org.gradle.internal.service.ServiceLookupException                              : loaded 2 times (x 78B)
Class org.gradle.internal.classloader.ClassLoaderFactory                              : loaded 2 times (x 66B)
Class org.gradle.internal.service.CachingServiceLocator                               : loaded 2 times (x 78B)
Class org.gradle.internal.classloader.ClasspathUtil                                   : loaded 2 times (x 67B)
Class org.gradle.api.specs.Spec                                                       : loaded 2 times (x 66B)
Class org.gradle.internal.classloader.VisitableURLClassLoader$InstrumentingVisitableURLClassLoader: loaded 2 times (x 119B)
Class org.gradle.internal.classloader.VisitableURLClassLoader$Spec                    : loaded 2 times (x 70B)
Class org.gradle.internal.classpath.DefaultClassPath                                  : loaded 2 times (x 86B)
Class org.gradle.internal.classloader.ClassLoaderSpec                                 : loaded 2 times (x 67B)
Class org.gradle.internal.classloader.VisitableURLClassLoader                         : loaded 2 times (x 113B)
Class org.gradle.internal.Cast                                                        : loaded 2 times (x 67B)
Class org.gradle.api.Action                                                           : loaded 2 times (x 66B)
Class org.gradle.internal.classpath.DefaultClassPath$ImmutableUniqueList$Builder      : loaded 2 times (x 71B)
Class org.gradle.api.GradleException                                                  : loaded 2 times (x 78B)
Class org.gradle.internal.IoActions                                                   : loaded 2 times (x 67B)
Class org.gradle.internal.classloader.SystemClassLoaderSpec                           : loaded 2 times (x 67B)
Class org.gradle.api.internal.classpath.GlobalCacheRootsProvider                      : loaded 2 times (x 66B)
Class org.gradle.internal.installation.CurrentGradleInstallationLocator               : loaded 2 times (x 67B)
Class org.gradle.internal.service.DefaultServiceLocator                               : loaded 2 times (x 79B)
Class org.gradle.internal.installation.CurrentGradleInstallation                      : loaded 2 times (x 69B)
Class org.gradle.util.internal.GUtil                                                  : loaded 2 times (x 67B)
Class org.gradle.internal.installation.GradleInstallation                             : loaded 2 times (x 71B)

---------------  S Y S T E M  ---------------

OS:
 Windows 11 , 64 bit Build 26100 (10.0.26100.7623)
OS uptime: 0 days 4:32 hours
Hyper-V role detected

CPU: total 6 (initial active 6) (6 cores per cpu, 1 threads per core) family 6 model 158 stepping 10 microcode 0xf4, cx8, cmov, fxsr, mmx, 3dnowpref, sse, sse2, sse3, ssse3, sse4.1, sse4.2, popcnt, lzcnt, tsc, tscinvbit, avx, avx2, aes, erms, clmul, bmi1, bmi2, rtm, adx, fma, vzeroupper, clflush, clflushopt, hv, rdtscp, f16c
Processor Information for the first 6 processors :
  Max Mhz: 3000, Current Mhz: 3000, Mhz Limit: 3000

Memory: 4k page, system-wide physical 16207M (1017M free)
TotalPageFile size 47337M (AvailPageFile size 4M)
current process WorkingSet (physical memory assigned to process): 197M, peak: 198M
current process commit charge ("private bytes"): 236M, peak: 377M

vm_info: OpenJDK 64-Bit Server VM (21.0.6+-13368085-b895.109) for windows-amd64 JRE (21.0.6+-13368085-b895.109), built on 2025-04-16T17:01:31Z by "builder" with MS VC++ 16.10 / 16.11 (VS2019)

END.
